usage_id,tour_id,tellnumber,homepage_url,hldy_info,handicapped_area,usage_dayandtime,usage_amount,rprsntv_menu,trfc_info,etc_info,,,,,,,
,1,,,,,,,,"도시철도 1호선 부산역 7번 출구 도보 2분, 초량역 1번 출구 도보 8분
버스 26, 27, 40, 41, 59, 81, 87, 103, 1003, 1004 부산역 하차 도보 2분
주차 인근 공영주차장",,,,,,,,
,2,,,,휠체어 접근 가능 구간 있음(절영해안산책로 입구 ~ 흰여울해안터널 / 절영해랑길),,,,"버스 508, 6, 7, 70, 71, 82, 85, 9 영도구1, 영도구5 부산보건고등학교 하차",,,,,,,,
,3,,,,"장애인 화장실, 장애인 주차구역, 휠체어 접근 가능",,,,"도시철도 2호선 해운대역 1번 출구 → 해운대구2, 해운대구10 마을버스 환승
버스 100, 139, 141, 200, 39, 1003, 141(심야) 미포 문탠로드입구 하차
마을버스 해운대구2, 해운대구10 일신하일라빌라 하차, 해운대구7 달맞이요양병원하차
시티투어버스  해운대해수욕장(블루라인) → 달맞이길 하차
주차 인근 공영주차장",,,,,,,,
,4,,,,"장애인 화장실, 장애인 주차구역, 휠체어 접근 가능, 누리마루 APEC하우스 내 휠체어 대여 가능, 점자블록",,,,"도시철도 2호선 동백역 1번 출구 도보 20분
버스 139, 307, 1003, 동백섬입구 하차
부산시티투어버스 부산역(레드라인) → 해운대해수욕장 하차
주차 동백공원 공영주차장",,,,,,,,
,5,,,,,,,,,,,,,,,,
,6,,,,,,,,,,,,,,,,
,7,,,,,,,,"도시철도 2호선 경성대?부경대역 → 버스 환승 20 22 24 27 39 131
마을버스 남구2 남구8
주차 이기대 공영주차장(유료)",,,,,,,,
,8,,,,,,,,,,,,,,,,
,9,,,,,,,,,,,,,,,,
,10,,,,,,,,,,,,,,,,
,11,,,,,,,,,,,,,,,,
,12,,,,,,,,,,,,,,,,
,13,,,,,,,,"마을버스 기장9 상장안 하차 도보 약 17분(장안사)
주차 장안사 주차장",,,,,,,,
,14,,,,,,,,"버스 183, 188, 36, 187, 기장군11 이진아파트 하차 도보 이동
주차 일광산테마임도 주차장",,,,,,,,
,15,,,,,,,,,,,,,,,,
,16,,,,,,,,,,,,,,,,
,17,,,,"장애인 주차구역, 장애인 화장실, 휠체어접근 가능",,,,,,,,,,,,
,18,,,,,,,,,,,,,,,,
,19,,,,,,,,,,,,,,,,
,20,,,,,,,,"도시철도 1호선 하단역 3번 출구 → 버스 58번 선창 정류장 하차 → 해안산책로 동선새바지 방향
주차 인근 주차장 이용",,,,,,,,
,21,,,,"엘리베이터, 휠체어접근 가능",,,,"도시철도 1호선 자갈치역 2번 출구 → 버스 26, 30, 6, 71, 96, 96-1 환승 → 암남동주민센터 하차 도보 10분
주차 남항대교 공영주차장",,,,,,,,
,22,,,,휠체어접근 가능,,,,"도시철도 2호선 벡스코역 5번 출구 도보 10분
버스 100, 100-1, 115-1, 141, 200, 31, 39, 40, 63, 181 올림픽교차로 환승센터 하차 도보 12분",,,,,,,,
,23,,,,,,,,,,,,,,,,
,24,,,,,,,,,,,,,,,,
,25,,,,,,,,,,,,,,,,
,26,,,,,,,,,,,,,,,,
,27,,,,,,,,"유엔기념공원
도시철도 2호선 대연역 3번 출구 도보 18분
버스 134, 68, 138, 138-1, 1006 유엔공원?부산문화회관 하차
부산시티투어버스 : 부산역(레드라인) → 유엔기념공원 하차",,,,,,,,
,28,,,,,,,,,,,,,,,,
,29,,,,,,,,"도시철도 4호선 미남역 11번 출구 → 버스 33-1 환승 → 만덕터널입구 정류장 하차, 도보 30분
도시철도 4호선 미남역 11번 출구 → 택시 이용 12분",,,,,,,,
,30,,,,,,,,"봉래산 데크로드
도시철도 1호선 남포역 6번 출구 → 버스 9 롯데낙천대 정류장 하차, 도보 7분

달맞이 곰솔군락지
도시철도 2호선 해운대역 7번 출구 → 버스 200, 141 중동119안전센터 정류장 하차, 도보 10분

화지공원
도시철도 1호선 서면역 12번 출구 → 버스 33 정묘자 정류장 하차, 도보 5분
주차 화지회관 주차장",,,,,,,,
,31,,,,,,,,"역사의 디오라마 : 도시철도 1호선 부산역 1번 출구, 도보 15분
도시철도 1호선 부산역 6번 출구 → 부산역 정류장 버스 환승 508, 190 → 영주삼거리 정류장 하차, 도보 3분(택시 이용 7분)
주차 중앙공원 공영주차장(유료)
민주공원 : 도시철도 1호선 초량역 1번 출구 → 초량시장입구 정류장 버스 환승 508  → 중앙공원?민주공원 정류장 하차, 도보 6분
도시철도 1호선 동대신역 3번 출구 → 동대신역 정류장 마을버스 환승 중구1  → 중앙공원?민주공원 하차 도보 5분
버스 38, 43, 508, 70 중앙공원?민주공원 하차
주차 중앙공원 공영주차장(유료)
밀다원시대 : 도시철도 1호선 중앙역 7번 출구 → 제일은행앞 정류장 버스 환승 86, 186 → 부산디지털고 정류장 하차, 도보 5분
주차 중앙공원 공영주차장(유료)
금수현의 음악살롱 : 도시철도 1호선 중앙역 7번 출구 → 제일은행앞 정류장 버스 환승 86, 186 → 새들맨션 정류장 하차, 도보 7분
주차 대청공영주차장(유료)
대청스카이전망대 : 도시철도 1호선 중앙역 7번 출구 → 제일은행앞 정류장 버스 환승 86, 186 → 새들맨션 정류장 하차, 도보 7분
주차 대청공영주차장(유료)
보수동책방골목 : 도시철도 1호선 자갈치역 3번 출구 도보 13분
버스 40, 81 보수동책방골목 하차",,,,,,,,
,32,,,,,,,,"도시철도 1호선 남포역 6번 출구 → 영도대교 정류장 버스 환승 30, 8→ 태종대?태종대온천 하차
버스 8, 30, 66, 88, 101, 186 태종대?태종대온천 하차
주차 태종대 주차장(유료)",,,,,,,,
,33,,,,,,,,"달맞이길
도시철도 2호선 해운대역 1번 출구 → 해운대전화국 정류장 마을버스 환승 해운대구2, 해운대구10 → 해월정입구?힐사이드슈퍼 정류장 하차 도보 5분
버스 100, 139, 141, 200, 39, 1003, 141(심야) 미포?문탠로드입구 하차 도보 10분
부산시티투어버스 블루라인 해운대해수욕장 승차 → 문탠로드 하차
주차 해월정 공영주차장

청사포
도시철도 2호선 장산역 7번 출구 → 장산역 정류장 마을버스 환승 해운대구10 → 슈퍼앞 정류장 하차 도보 3분
주차 청사포 공영주차장

해운대 해마루
도시철도 2호선 장산역 7번 출구 → 장산역 정류장 마을버스 환승 해운대구10 → 슈퍼앞 정류장 하차 도보 20분
주차 해마루 주차장(공간 협소 / 승용차 7~8면)",,,,,,,,
,34,,,,휠체어접근 가능,,,,"온천천 산책로
도시철도 1호선 교대역 6번 출구 도보 5분
버스 10, 100-1, 129-1, 189, 31, 43, 506, 77 교대역 정류장 하차 도보 5분

수영강 강변산책로
도시철도 2호선 민락역 4번 출구 도보 10분
버스 141, 155, 210, 39, 40, 5-1, 63 수영현대아파트(민락역) 정류장 하차 도보 5분

낙동강변 산책로
도시철도 2호선 모라역 1번 출구 도보 20분
버스 123, 126 국제식품 정류장 하차 도보 10분
주차 삼락생태공원 P1주차장",,,,,,,,
,35,,,,"을숙도조각공원 : 장애인 주차구역, 장애인 화장실, 휠체어접근 가능
APEC나루공원 : 장애인 주차구역, 장애인 화장실, 점자블록, 휠체어접근 가능",,,,"을숙도조각공원
도시철도 1호선 하단역 5번 출구 → 하단역 정류장 버스 환승 3, 58-2, 520, 168, 55, 58 → 을숙도(문화회관)을숙도생태공원 하차 도보 5분
주차 을숙도문화회관 주차장

천마산조각공원
도시철도 1호선 자갈치역 5번 출구 → 자갈치역 정류장 버스 환승 134 → 동산교회 정류장 하차 도보 8분
주차 (구)감정초등학교 공영주차장

APEC나루공원
도시철도 2호선 센텀시티역 12번 출구 → 도보 10분 
주차 APEC나루공원 주차장",,,,,,,,
,36,,,,"암남공원 : 장애인 화장실, 장애인 주차구역, 주출입구 단차 없음
송도해상케이블카 : 장애인 주차구역, 장애인 화장실, 엘리베이터, 휠체어접근 가능
구름산책로 : 휠체어접근 가능
송도해수욕장 : 장애인 화장실, 장애인 주차구역, 주출입구 단차 없음, 점자블록, 휠체어접근 가능",,,,"암남공원?송도용궁구름다리
도시철도 1호선 자갈치역 2번 출구 → 충무동교차로 정류장 버스 환승 30, 7, 71 → 암남공원 하자 도보 5분
주차 암남공원 공영주차장(유료)

송도해상케이블카
도시철도 1호선 자갈치역 2번 출구 → 충무동교차로 정류장 버스 환승 6, 26, 30, 96, 71, 96-1 → 암남동주민센터 정류장 하차 도보 10분
주차 송도해상케이블카 송도베이스테이션 주차장(유료)

송도해수욕장?구름산책로
도시철도 1호선 자갈치역 2번 출구 → 충무동교차로 정류장 버스 환승 26, 30, 96, 71 → 송도해수욕장 정류장 하차 도보 3분
부산시티투어버스 그린라인(부산역 승차) → 구름산책로 하차
주차 송도해수욕장 공영주차장(유료)",,,,,,,,
,37,,,,"장애인 화장실, 장애인 주차구역, 휠체어접근 가능
을숙도문화회관, 부산현대미술관, 낙동강하구에코센터 : 점자블록, 엘리베이터, 휠체어대여 가능",,,,"을숙도
도시철도 1호선 하단역 3번 출구 → 하단역정류장 버스 환승 3, 55, 58, 58-2, 168, 520, 1005, 2000, 58-1, 221 → 부산현대미술관정류장 하차 도보 10분
버스 3, 55, 58, 58-2, 168, 520, 1005, 2000, 58-1, 221 부산현대미술관정류장 하차 도보 10분
주차 을숙도주차장 1",,,,,,,,
,38,,,,,,,,"도시철도 1호선 좌천역 5번, 7번 출구 도보 3분
버스 103, 17, 59, 61, 66, 67, 85, 88 좌천동가구거리(좌천역) 정류장 하차 도보 3분
주차 안용복기념 부산포개항문화관",,,,,,,,
,39,051-419-4067,http://www.ydculture.com/huinnyeoulculturetown/,,"점보버스 휠체어 리프트 장착 차량 운행, 요금 할인 50%, 장애인 주차장(절영해안산책로 공영주차장, 유료)",매일,,,"도시철도 1호선 남포역 6번 출구 → 7, 71, 508 버스 환승 → 영선동 백련사 하차
버스 7,71,508 영선동 백련사 하차
부산시티투어버스 부산역(점보버스) → 흰여울문화마을 하차
주차 절영해안산책로 입구 공영 주차장 (유료)",,,,,,,,
,40,051-418-3336,http://kangkangee.com,매주 월요일 (투어 등 시설),휠체어 접근 가능,"평일, 주말 10:00~17:00
가급적 평일 낮 시간 제외, 주말 혹은 통합투어 프로그램 이용 요망",,,"도시철도 1호선 남포역 (6번출구) 도보 18분 
마을버스 영도구2 대평동 하차 
주차 봉래동, 남항시장 공영주차장 (유료)",,,,,,,,
,41,051-309-1900,http://www.knmm.or.kr,매주 월요일,"물품보관소(1, 2층), 휠체어 무료대여, 점자 블록, 점자안내판, 안내견 동반출입, 엘리베이터, 장애인 주차장, 장애인 화장실, 4D영상관 내 휠체어석","국립해양박물관 
-화 ~ 일 09:00~17:00 
-설날?추석 익일, 어린이날, 광복절 09:00~21:00 
해양도서관
 -화~금요일/1일 2회(09:30~11:30, 13:30~15:30)
- 휴관일: 박물관 휴관일 및 법정공휴일",,,"도시철도 1호선 남포역 6번 출구 → 186, 66번 버스 환승 → 국립해양박물관 하차
부산시티투어버스 부산역(점보버스) → 국립해양박물관 하차
주차 국립해양박물관 주차장 (유료)",,,,,,,,
,42,051-405-8745,https://www.bisco.or.kr/taejongdae/,,"장애인 주차장, 장애인 화장실, 안내견 동반 가능, 다누비열차 휠체어리프트 장착 차량 운행, 휠체어 무료대여(정문 관광안내센터)",하절기 3~10월(04:00~24:00) / 동절기 11~2월(05:00~24:00) ,,,"도시철도 1호선 부산역 7번 출구 →  66, 88, 101 버스 환승 → 태종대(태종대온천) 하차
버스 8, 30, 66, 88, 101, 186 태종대(태종대온천) 하차
주차 정문입구 주차장(버스전용), 제7주차장, 자유랜드 주차장 (유료)",,,,,,,,
,43,,,,휠체어 접근 가능,상시,,,"버스 해운대온천사거리 정류장 급행 1003 버스 → 기장성당 하차 → 마을버스 6 환승 → 두호마을 하차
마을버스 기장군청 정류장 마을버스 6 → 두호마을 하차
주차 죽성성당 인근 주차장 (유료)",,,,,,,,
,44,051-721-9183,http://ahopsan.com,매주 월요일,,"평일, 주말 09:00~18:00 (입장마감 16시30분)",,,"도시철도 1호선 노포역 → 2-3 마을버스 환승 → 미동마을 하차
주차 아홉산숲 주차장",,,,,,,,
,45,051-722-7744 ,http://www.yongkungsa.or.kr,,장애인 화장실,"매일, 05:00 ~ 일몰 시까지",,,"도시철도 2호선 해운대역 7번 출구 → 181, 100, 해운대 9 버스 환승 → 해동용궁사 하차
동해선 오시리아역 1번 출구 → 오시리아역 버스정류장 139 버스 환승 → 해동용궁사 하차
부산시티투어버스 부산역(레드라인) → 해운대해수욕장 버스 환승(블루라인 ) → 해동용궁사 하차
주차 해동용궁사 주차장 (유료)",,,,,,,,
,46,051-709-5448,,,"휠체어 진입 가능, 장애인 주차장, 장애인 화장실",09:00~18:00 (개장 중 입수가능 시간),,,"도시철도 2호선 해운대역 → 180 버스 환승 → 임랑삼거리 하차
버스 37, 180, 188 임랑삼거리 하차
마을버스 기장군9, 기장군3 임랑삼거리 하차",,,,,,,,
,47,"문화공감 수정 051-441-0004 
초량 1941 051-462-7774",https://ntchmgsugung.modoo.at/,"문화공감 수정 명절 휴무
초량1941 매주 월요일",,"문화공감 수정 매일 09:00~18:00
초량1941  매일 11:00~19:00",,,"문화공감 수정
도시철도 1호선 부산진역 1번 출구 도보 7분
버스 103 경남여중 하차 59, 67, 81, 167 고관입구 하차
부산역에서 택시로 기본요금
초량1941
버스 22,  38,  52,  86, 186 금수사 하차
부산역에서 택시로 기본요금",,,,,,,,
,48,051-709-5446,,,"점자블록, 장애인 주차장, 장애인 화장실",09:00~18:00 (개장 중 입수가능 시간),,,"도시철도 2호선 해운대역 → 1006, 180번 버스환승 → 일광해수욕장 입구 하차
버스 188, 180, 1006 일광해수욕장 입구 하차
마을버스 기장군2, 기장군8-1, 기장군9, 기장군3, 기장군8 일광해수욕장 입구 하차",,,,,,,,
,49,051-464-0332,,,,09:00~22:00(1~2층만 개방),,,"도시철도 1호선 부산역 7번출구 도보 2분
버스 103, 26, 27, 40, 41, 59, 81, 87, 1003, 1004 부산역 하차 도보 2분",,,,,,,,
,50,051-600-4067,http://www.bsjunggu.go.kr/tour/index.junggu?menuCd=DOM_000000208002001000&link=success&cpath=%2Ftour,"월요일, 공휴일(삼일절, 현충일, 광복절 제외)",,"화~금 10:00~18:00 토, 일 10:00~17:00",,,"도시철도 1호선 중앙역 1번 출구 도보 3분
버스 15, 81, 86, 126, 186 백산기념관 하차 도보 1분",,,,,,,,
,51,051-257-8038,http://1918.bscf.or.kr/,주말,,09:00 - 18:00,,,"도시철도 1호선 중앙역 1번 출구 도보 3분
버스 15, 81, 86, 126, 186 백산기념관 하차 도보 1분",,,,,,,,
,52,051-631-0858,http://www.tongsinsa.com/html/,"매주 월요일, 1월1일","점자블록(출입구), 휠체어 출입가능, 엘리베이터, 장애인전용화장실",09:00~18:00,,,"도시철도 1호선 범일역 2번 출구 도보 12분
버스 26, 41, 139, 80, 42, 1003 자성대 하차 도보 2분
     22, 23, 27, 40, 41, 63, 83, 101, 108, 134, 138 부산진시장 하차 도보 5분",,,,,,,,
,53,051-553-4944,http://sea.busan.go.kr,"매주 월요일, 1월 1일","시각장애인관, 점자블록, 휠체어 대여가능, 장애인 엘리베이터, 장애인 화장실, 장애인 주차장(금강공원 공영주차장, 유료)",화~일 09:00~18:00(입장마감 17:00까지),,,"도시철도 1호선 동래역 4번 출구 마을버스 1-1번 환승 해양자연사박물관 하차
금강공원 공영주차장 이용(유료)",,,,,,,,
,54,051-253-3845,https://museum.busan.go.kr/modern/index,"1월 1일, 매주 월요일","휠체어 출입 가능, 장애인 화장실(3층), 엘리베이터, 안내견 동반 가능",화~일 / 09:00-18:00(17:00이후 입장불가),,,"도시철도 1호선 중앙역 5번 출구 도보 7분
버스 40, 81 국제시장 부산근대역사관 하차
버스 15, 86, 126, 186 국제시장 하차",,,,,,,,
,55,부산종합관광안내소 051-253-8253,http://www.bosubook.com/,"정기휴일(첫째,셋째주 화요일,신정,구정,추석)",휠체어 접근 가능(골목이 좁아 불편할 수 있음),가게별 상이(20:00 전후 업무 종료),,,"도시철도 1호선 자갈치역 3번 출구 도보 11분
버스 40, 81 보수동책방골목 하차
버스 103, 11, 113, 8, 96 부평시장 하차",,,,,,,,
,56,051-244-6345,http://museum.busan.go.kr/monument/index,"1월 1일, 매주 월요일","장애인 주차장, 장애인 화장실, 휠체어 무료 대여, 안내견 동반 가능, 휠체어 출입 가능(전시관)",화~일 / 09:00~18:00,,,"도시철도 1호선 토성역 2번 출구 도보 6분
버스 15, 40, 81 영락교회 하차
마을버스 서구3, 서구3-1 부민이편한세상아파트 하차",,,,,,,,
,57,051-200-8493,http://museum.donga.ac.kr/,"매주 월요일, 개교기념일, 법정공휴일","장애인 주차장, 장애인 화장실, 장애인전용 엘리베이터, 점자블록, 음성안내기, 휠체어 무료대여, 점자안내판(큰 활자 홍보물)",화~일/09:30 ~ 17:00 (입장 16:30),,,"도시철도 1호선 토성역 2번 출구 도보 10분
버스  15,16, 40, 70, 81, 123, 126, 161, 190 동아대부민캠퍼스 하차
주차 동아대학교 부민동캠퍼스 지하 주차장(유료)",,,,,,,,
,58,051-629-8600,https://www.fomo.or.kr/museum/kor/Main.do,"매주 월요일, 1월 1일, 명절 당일","장애인용 화장실, 장애인 주차장, 장애인전용 엘리베이터, 휠체어 리프트, 휠체어통행 가능, 휠체어 무료대여, 점자블록, 전시음성안내, 안내견 동반 가능",화~일/09:30 ~ 17:30(17:00 이후 입장불가),,,"도시철도 2호선 못골역 1번 출구 → 마을버스 남구9 환승 → 국립일제강제동원역사관 하차
버스 134 석포초등학교 하차, 도보 10분
마을버스 남구9 ? 유엔평화기념관?국립일제강제동원역사관 하차",,,,,,,,
,59,051-610-7111 ,http://museum.busan.go.kr/busan,"매주 월요일, 1월 1일","장애인 주차장, 장애인 화장실, 장애인전용 엘리베이터, 자동안내 모바일앱(수화영상안내), 한국어 음성가이드기, 휠체어 무료 대여, 휠체어 접근 가능, 안내견 동반 가능",09:00~18:00,,,"도시철도 2호선 대연역 1번 출구 도보 12분
버스 134, 51, 68, 138, 138-1, 1006 시립박물관?부산문화회관 하차
부산시티투어버스 : 부산역(레드라인) → 부산박물관 하차
주차 박물관 내 주차장(무료)",,,,,,,,
,60,"유엔기념공원 051-625-0625
유엔평화기념관 051-901-1400",http://unmck.or.kr,"유엔기념공원 연중무휴
유엔평화기념관 매주 월요일","유엔기념공원
장애인 주차장, 장애인 화장실, 휠체어 대여, 휠체어 접근 가능
유엔평화기념관
점자블록, 장애인전용 엘리베이터, 장애인 주차장, 장애인 화장실, 휠체어 무료 대여, 휠체어 접근 가능","유엔기념공원 09:00~18:00(동절기 17:00 이후 입장불가)
유엔평화기념관 10:00~18:00",,,"유엔기념공원
도시철도 2호선 대연역 3번 출구 도보 18분
버스 134, 68, 138, 138-1, 1006 유엔공원?부산문화회관 하차
부산시티투어버스 : 부산역(레드라인) → 유엔기념공원 하차
유엔평화기념관
버스 134, 68, 51 석포초 하차 도보 7분",,,,,,,,
,61,051-607-6395,https://www.bsnamgu.go.kr/index.namgu?menuCd=DOM_000000601006001000&cpath=menuCd=DOM_000000601006001000&cpath=,,"장애인 주차장, 장애인 화장실, 휠체어 접근 가능",,,,"도시철도 2호선 경성대?부경대역 → 버스 24, 27, 131, 남구2 환승 → 오륙도 SK아파트 하차
부산시티투어버스 : 부산역(레드라인) → 용호만 유람선터미널(그린라인 환승) → 오륙도 하차",,,,,,,,
,62,,,연중무휴,장애인주차장,상시,,,"도시철도 2호선 경성대?부경대 → 20, 22, 24, 27, 39, 131 버스환승 → 백운포고개 하차
주차장 신선대 유원지 주차장(무료)",,,,,,,,
,63,051-749-5800,http://www.haeundae.go.kr/tour/index.do?menuCd=DOM_000000302002001000,연중무휴,"장애인 화장실, 장애인 주차구역, 휠체어접근 가능, 점자블록(화장실 입구 앞)",상시,,,"도시철도 2호선 해운대역 하차 → 해운대 정류장 139, 182, 200, 38, 39, 40, 63, 1001, 1003, 1011 버스 환승 → 송정해수욕장 입구 하차 도보 12분
동해선 송정역 하차 도보 17분
버스 100, 100-1, 139, 141, 181, 182, 185, 200, 38, 39, 40, 63 송정1단지주공 하차",,,,,,,,
,64,이터널저니 051-604-7222,https://theananti.com/kr/cove/eternal.asp,,"장애인 화장실, 장애인 주차, 장애인전용엘리베이터, 점자블록, 휠체어접근가능","월~금 10:00~21:00
토, 일(공휴일) 09:00~21:00",,,"동해선 오시리아역 하차 → 139, 181, 100 버스 환승  → 동암후문 하차
주차 힐튼부산 주차장",,,,,,,,
,65,"오륙도 스카이워크 051-607-6395
송도 구름산책로 051-240-4081
청사포 다릿돌 전망대 051-749-5720",,"연중무휴(눈, 비, 강풍 및 시설 개·보수 시 개방 제한)","오륙도 스카이워크
장애인 주차구역, 장애인 화장실, 휠체어접근 가능(스카이워크 입구까지)
송도구름산책로
장애인 주차구역, 장애인 화장실, 구름산책로 휠체어 진입가능(거북섬까지)
청사포 다릿돌 전망대
장애인 주차구역","오륙도 스카이워크 
09:00~18:00(입장마감 17:50)
송도 구름산책로
06:00~23:00
청사포 다릿돌전망대
09:00~18:00 (하절기 6~8월 20:00)",,,"오륙도 스카이워크 
도시철도 2호선 경성대·부경대역 5번 출구 → 131, 24, 27 버스 환승 → 오륙도 스카이워크 하차
부산시티투어버스 그린라인 오륙도 하차
주차장 공영주차장

송도 구름산책로
도시철도 1호선 자갈치역 2번 출구 → 26, 30, 7, 71, 96 버스 환승 → 송도해수욕장 하차주차장 공영주차장

청사포 다릿돌전망대
도시철도 2호선 해운대역 1번 출구 →  2 마을버스 환승
부산시티투어버스 블루라인 청사포 하차
주차장 공영주차장",,,,,,,,
,66,051-610-4742,,연중무휴,"장애인 주차구역, 장애인 화장실, 점자블록, 산책로 휠체어 접근 가능",상시,,,"도시철도 2호선 광안역 3번 출구 도보 20분
버스 41, 83-1, 210 민락수변공원 하차
주차 인근공영주차장",,,,,,,,
,67,051-240-4000,,연중무휴,"장애인 화장실, 장애인 주차구역, 점자블록, 휠체어 접근 가능, 송도해상케이블카 휠체어탑승 가능, 점자안내판",06:00 - 23:00,,,"도시철도 1호선 자갈치역 7번 출구 → 96, 26, 30, 7, 71 버스 환승 → 송도해수욕장 하차 도보 3분
부산시티투어버스 부산역(점보버스) → 송도해수욕장 하차
주차 송도해수욕장 공영주차장(유료)",,,,,,,,
,68,051-265-6863,busan.go.kr/wetland/amisanintro01,"1월 1일, 월요일","장애인 주차구역, 엘리베이터, 휠체어접근 가능",화~일 / 09:00 ~ 18:00,,,"도시철도 1호선 다대포항역 1번 출구 → 사하구15 마을버스 환승 → 몰운대성당 하차 도보2분
주차 아미산전망대 공영주차장(무료)",,,,,,,,
,69,,,연중무휴,,상시,,,"도시철도 1호선 토성역 8번 출구 도보 15분
마을버스 사하구1-1 서구2 산상교회(비석문화마을) 하차
주차 아미골 공영주차장",,,,,,,,
,70,051-744-2602,http://art.busan.go.kr,"1월 1일, 매주 월요일","점자블록, 장애인전용 엘리베이터, 장애인 주차장, 장애인 화장실, 휠체어 대여","본관 화?수?목?일 10:00~18:00, 금?토 10:00~21:00
이우환 공간(별관) 화요일~일요일 10:00~18:00",,,"도시철도 2호선 벡스코(시립미술관)역 5번 출구
주차 09:00~19:00 유료",,,,,,,,
,71,,,연중무휴,휠체어 접근 가능,상시,,,"버스 100, 139, 181 해광사 하차 → 도보 4분
주차 오랑대공원 주차장",,,,,,,,
,72,051-720-3061~6,https://www.fsm.go.kr/ ,"매주 월요일, 설날?추석연휴","장애인 주차장, 장애인 화장실, 휠체어 무료대여, 경사로 설치",화~일 09:00~18:00,,,"동해선 오시리아역 하차 → 버스 139 환승 국립수산과학관 하차
버스 100, 139, 181 국립수산과학관 하차
부산시티투어버스 블루라인(해운대) → 국립수산과학관 하차
주차 국립수산과학관 주차장(무료)",,,,,,,,
,73,051-515-1655,http://www.yosan.co.kr/main/index.html,"월요일, 국경일","점자블록, 휠체어 접근 가능",화~일 10:00~17:00,,,"도시철도 1호선 범어사역 1번 출구 도보 12분
버스 29, 51, 80 남산동 하차",,,,,,,,
,74,051-556-0527,,"월요일, 1월1일, 명절연휴, 임시공휴일",,화~일 10:00~17:00,,,"도시철도 4호선 낙민역 1번 출구 도보 4분
버스 100, 110-1, 129-1, 144, 148, 200, 210, 29, 31, 43, 44, 49, 57 동래시장 하차",,,,,,,,
,75,051-550-6633,,"월요일, 1월 1일, 설?추석 연휴","장애인 주차장, 경사로 출입구 있음",화~일 09:00~18:00,,,"도시철도 3호선/4호선 미남역 14번 출구 도보 11분
도시철도 1호선 명륜역 1번 출구 도보 16분
버스 80, 동래구1-1, 동래구3 우장춘기념관 하차",,,,,,,,
,76,,,연중무휴,휠체어접근 가능,상시,,,"도시철도 1호선 자갈치역 1번 출구 도보 17분
버스 16, 17, 161, 61, 7, 9 남부민시장입구 하차 도보 8분
주차 누리바라기전망대 주차장",,,,,,,,
,77,051-240-4495,,월요일,,10:00~19:00,,,"도시철도 1호선 토성역 8번 출구 도보 9분
버스 134, 190 아미치안센터 하차 도보 3분
마을버스 서구2 아미초등학교 하차 도보 2분
주차 아미골 공영주차장(유료)",,,,,,,,
,78,051-752-2947,http://www.suyeongminsok.or.kr,연중무휴,"장애인 주차구역, 장애인 화장실, 휠체어 접근 가능",상시,,,"도시철도 2, 3호선 수영역 1번 출구 도보 9분
버스 1, 131, 141, 20, 5-1, 62, 63 수영사적공원 하차
주차 수영사적공원 공영주차장(무료)",,,,,,,,
,79,051-718-0200,,"토?일요일, 공휴일",,월~금 09:00~18:00,,,"도시철도 1호선 중앙역 11번 출구 도보 8분
버스 186, 86 새들맨션 하차 도보 6분",,,,,,,,
,80,051-209-2000,http://wetland.busan.go.kr,연중무휴,"공통 : 장애인 화장실, 장애인 주차구역, 휠체어접근 가능
을숙도문화회관, 현대미술관, 낙동강하구에코센터 : 점자블록, 엘리베이터, 휠체어대여 가능","매일
을숙도생태공원 야간출입 제한(20:00~익일 08:00)",,,"도시철도 1호선 하단역 3번 출구 → 3, 55, 58, 58-2, 168, 520, 1005, 2000, 58-1, 221 버스 환승 을숙도(문화회관) 하차 도보 10분
버스 3, 55, 58, 58-2, 168, 520, 1005, 2000, 58-1, 221 을숙도(문화회관) 하차 도보 10분
주차 을숙도 공영주차장",,,,,,,,
,81,051-749-9500,https://kcmf.or.kr/comc/busan/,"일요일, 공휴일","장애인 주차구역, 엘리베이터, 휠체어접근 가능, 장애인방송제작실, 휠체어 무료대여, 화면해설 제공, 배리어프리영상제작실",평일 10:00~22:00(토요일18:00까지),,,"도시철도 2호선 센텀시티역 4번 출구 도보 7분
버스 115, 181, 307, 해운대구3-1, 해운대구3-2 시청자미디어센터 하차
주차 부산시청자미디어센터 주차장",,,,,,,,
,82,051-309-4805~6,https://www.bsbukgu.go.kr/index.bsbukgu?menuCd=DOM_000000103001004001&cpath=,"매주 일요일, 법정공휴일","엘리베이터, 휠체어접근 가능","평일 10:00~18:00(단체체험관람)
주말(토요일) 10:00~13:00(개별자유관람)",,,"도시철도 2호선 구명역 2번 출구 도보 5분
버스 124, 128-1, 169, 169-1 구남시장 하차 도보 7분
주차 구포어린이교통공원 주차장",,,,,,,,
,83,051-330-4000,http://www.lawnorder.go.kr/solomonbs/,"1월 1일, 명절연휴","장애인 주차구역, 장애인 화장실, 점자블록, 엘리베이터, 휠체어접근 가능","월~일
실내체험관 10:00~17:30 / 야외놀이터 09:00~21:00",,,"도시철도 2호선 구명역 2번 출구 도보 15분
버스 169-1 부산솔로몬로파크 하차
주차 부산솔로몬로파크 주차장",,,,,,,,
,84,051-363-3333,http://www.busan.go.kr/sea/onfolkintro,"매주 월요일, 1월 1일","장애인 주차구역, 장애인전용 화장실, 엘리베이터, 휠체어접근 가능, 휠체어 무료대여, 안내견 동반 가능",화~일 09:00~18:00(입장마감 17:00),,,"도시철도 2호선 화명역 1번 출구 도보 12분
버스 111, 121, 126, 15, 59, 금정구1, 북구3 와석 하차 도보 11분
주차 부산어촌민속관 주차장",,,,,,,,
,85,"051-303-0048, 0049",,연중무휴,"장애인 주차장, 장애인 화장실, 휠체어접근 가능",상시,,,"부산김해 경전철 괘법르네시떼 1번 출구 도보 16분
버스 8, 15, 31, 33, 59, 61, 62, 77, 110, 123, 126, 138-1, 160, 161, 169, 338 삼락생태공원 하차
주차장 공원 및 인근 주차장 이용",,,,,,,,
,86,051-240-4538,https://www.bsseogu.go.kr/tour/board/view.do?boardId=BBS_0000078&menuCd=DOM_000000304011000000&startPage=1&dataSid=596,연중무휴,"장애인 주차구역, 장애인 화장실, 휠체어접근 가능구간 있음",매일,,,"도시철도 1호선 자갈치역 하차- 1번출구- 자갈치역, 충무동교차로 정류장까지 도보 이동- 버스(7번) 환승- 암남공원 정류장 하차
주차 암남공원 공영주차장 이용(유료)",,,,,,,,
,87,,,연중무휴,휠체어접근 가능,,,,"도시철도 1호선 장림역 하차 후, 마을버스 5번 환승 후 장림포구 하차, 도보 2분 이동
버스 : 부산역에서 1000번 버스 승차, 장림시장 하차, 도보 18분 이동",,,,,,,,
,88,051-970-4062(강서구청 문화체육과),,연중무휴,일부 구간 휠체어접근 가능,상시,,,도시철도 1호선 하단역 하차 → 버스 520 환승 → 동중마을 정류장 하차,,,,,,,,
,89,1566-3333,http://park.kra.co.kr/busan_main.do,월~화,"엘리베이터, 장애인 화장실",수~일 09:30~20:00,,,"좌석버스 220, 221 렛츠런파크 입구 하차
시내버스 4 렛츠런파크 하차
마을버스 강서구7, 강서구7-2 렛츠런파크입구 하차

셔틀버스 (금~일 운행)
하단/주례 노선 : 도시철도 하단역 5번 출구, 주례역 8번 출구
대저/김해 부원 노선 : 도시철도 대저역 1번 출구, 김해 부원역 1번 출구",,,,,,,,
,90,051-750-2300,https://www.sciport.or.kr/kor/Main.do,"매주 월요일, 1월 1일, 설날?추석 당일","장애인 화장실, 엘리베이터, 장애인 주차구역, 경사로, 휠체어접근 가능",화~일 09:30~17:30,,,"도시철도 동해선 오시리아역 1번 출구 → 버스 185 환승 → 국립부산과학관 하차
도시철도 2호선 장산역 5번?7번 출구 → 버스 185 환승 → 국립부산과학관 하차
주차 국립부산과학관 주차장(유료)",,,,,,,,
,91,051-850-6081,http://www.songsanghyeon.com/song/Main.do,,"장애인 주차구역, 장애인 화장실, 점자블록(화장실입구), 휠체어 접근 가능, 엘리베이터",상시,,,"도시철도 1호선 부전역 8번 출구 도보 2분
버스 5-1, 10, 20, 29, 31, 33, 43, 52, 57, 62, 77, 80, 86, 87, 99, 110-1, 111, 129-1, 141, 1002 송상현광장 하차
주차 송상현광장 주차장",,,,,,,,
,92,051-860-7848,http://bschildpark.bisco.or.kr/,연중무휴,"장애인 주차구역, 장애인 화장실, 휠체어접근 가능, 휠체어 무료대여, 엘리베이터, 안내견 동반 가능",상시,,,"버스 54, 63, 81, 133 어린이대공원 하차
주차 어린이대공원 주차장(유료)",,,,,,,,
,93,051-811-0114,http://busan.gugak.go.kr/,연중무휴,"장애인 주차구역, 장애인 화장실, 점자손잡이, 점자블록, 엘리베이터, 휠체어 접근 가능. 휠체어 무료대여, 오디오가이드, 장애인 전용 관람석",매일 09:00~22:00,,,"버스 33, 44, 63, 83-1, 103 국립부산국악원 하차
주차 부립부산국악원 주차장(무료)",,,,,,,,
,94,051-808-7111,http://www.samkwangsa.or.kr/index2.php,연중무휴,휠체어 접근 가능,상시,,,"도시철도 2호선 서면역 9번 출구 영광도서 맞은편 정류장 → 마을버스 부산진구15 환승 → 삼광사 경내 정류장 하차
버스 44, 54, 63, 81, 133 삼광사 입구 하차 도보 이동
주차 삼광사 주차장(무료)",,,,,,,,
,95,051-749-4000,,연중무휴,"장애인 주차구역, 휠체어 접근 가능",상시,,,"청사포
도시철도 2호선 장산역 5번 출구 → 마을버스 해운대구2 환승 → 청사포 슈퍼 하차 도보 3분
부산시티투어버스 레드라인(부산역) → 블루라인 환승(해운대해수욕장) → 청사포 하차
주차 청사포 공영주차장

미포
도시철도 2호선 중동역 7번 출구 도보 17분",,,,,,,,
,96,051-731-3302,museumdah.com,,"엘리베이터, 장애인화장실","월~일 09:00~19:00
금~토 09:00~20:00",,,"도시철도 2호선 센텀시티역 6번 출구 도보 5분
버스 141, 155, 40, 5-1, 63, 1001, 1002, 1007번 센텀시티역 하차 도보 7분",,,,,,,,
,97,051-850-6000,http://citizenpark.or.kr/,연중무휴,"휠체어접근 가능, 휠체어 대여, 장애인 화장실, 전동보장구 급속충전기, 엘리베이터",매일 05:00 - 24:00,,,"도시철도 1호선 부전역 1번 출구 도보 17분
버스 33, 44, 63, 179 부산시민공원 하차 도보 6분
주차 부산시민공원 주차장(유료)",,,,,,,,
,98,,,연중무휴,,상시,,,버스 서면 롯데백화점 부산본점 맞은편 버스정류장 87 탑승 → 호천마을 입구 하차,,,,,,,,
,99,051-419-4041(영도구청 문화관광과),,연중무휴,,상시,,,"도시철도 1호선 남포역 6번 출구 → 버스 508, 71 환승 → 절영종합사회복지관 하차 등산로 방향 도보 이동",,,,,,,,
,100,,,연중무휴,,상시,,,도시철도 2호선 동백역 3번 출구 도보 18분,,,,,,,,
,101,051-749-4000,,연중무휴,"장애인 주차구역, 장애인 화장실, 휠체어접근 가능",상시,,,"도시철도 2호선 센텀시티역 12번 출구 도보 10분
버스 139 영화의전당 하차 도보 3분",,,,,,,,
,102,40계단문화관 051-600-4046,http://www.bsjunggu.go.kr/tour/index.junggu?menuCd=DOM_000000208001001000&link=success&cpath=%2Ftour,"연중무휴
40계단 문화관 : 매주 월요일, 국경일, 명절","40계단 문화관 : 점자블록, 엘리베이터, 장애인용 화장실, 휠체어접근 가능",상시(40계단 문화관 평일 10:00~18:00 / 토?일 10:00~17:00),,,"도시철도 1호선 중앙역 11번 출구 도보 5분
버스 17 26 27 40 41 61 82 85 87 103 134 190 1003 중앙동 하차",,,,,,,,
,103,051-204-1444,https://www.gamcheon.or.kr/,연중무휴,"장애인화장실, 장애인주차장","09:00 ~ 18:00 (3월-10월)
09:00 ~ 17:00 (11월-2월)",,,"도시철도
1호선 괴정역 6번 출구 → 마을버스 환승 사하1, 사하1-1 → 감정초등학교 하차 도보 5분
1호선 토성역 6번 출구 → 마을버스 환승 사하1-1, 서구2, 서구2-2 → 감정초등학교 하차 도보 5분
주차 감천2공영주차장",,,,,,,,
,104,051-220-4161,https://www.saha.go.kr/tour/contents.do?mId=0609000000,"다대포해수욕장 : 연중무휴
낙조분수: 월요일","장애인 화장실, 장애인 주차구역, 휠체어접근 가능, 저상버스접근 가능(11번)","다대포해수욕장 : 매일
낙조분수 : 4월 말~10월(매주 화~일)",,,"도시철도 1호선 다대포해수욕장역 2번 출구 도보 8분
버스 11, 2, 3, 338, 96, 96-1, 1000 다대포해수욕장 하차
주차 다대포해수욕장 공영주차장(유료)",,,,,,,,
,105,"부산영화체험박물관 051-715-4200 
트릭아이뮤지엄부산 051-557-1577",http://www.busanbom.kr,"매주 월요일, 신정?설날?추석 당일","장애인 화장실, 장애인 주차구역, 엘리베이터, 점자블록, 음성안내기, 휠체어접근 가능, 안내견동반 가능",화 ~ 일 / 10:00 ~ 18:00 (입장 17:00),,,"도시철도 1호선 중앙역 5번 출구 도보 5분
버스 126, 15, 186, 81, 86 백산기념관 하차 도보 3분
주차 부산영화체험박물관 주차장(1시간 무료)",,,,,,,,
,106,"용두산공원 051-860-7820 
부산타워 051-601-1800",https://www.bisco.or.kr/yongdusanpark/,연중무휴(부산타워는 기상 등의 이유로 변경될 수 있음),"점자블록, 엘리베이터, 안내견동반 가능, 장애인 주차구역, 장애인 화장실, 휠체어접근 가능, 휠체어 대여, 음성안내 가이드",부산타워 10:00~21:00(발권마감 20:30),,,"도시철도 1호선 중앙역 1번 출구 도보 6분
         1호선 남포역 7번 출구 도보 7분
버스 126, 15, 186, 81, 86 백산기념관 하차 도보 6분
     134, 26, 30, 7, 71, 9, 103, 11, 113, 126, 15 남포동 하차 도보 10분
주차 용두산공원 공영주차장(유료)",,,,,,,,
,107,부산시설공단 1670-8114,,,휠체어접근 가능,,,,"도시철도 1호선 남포동 6, 8번출구 도보 4분
버스 6, 7, 9, 71, 508, 82, 85, 113, 66, 186, 30, 8, 190, 88, 30 영도대교 하차",,,,,,,,
,108,"중앙공원 051-860-7800
민주공원 051-790-7400",,"중앙공원?민주공원?충혼탑 연중무휴
민주항쟁기념관 매주 월요일, 1월 1일, 설날?추석 당일","장애인 주차구역, 장애인전용 엘리베이터, 휠체어접근 가능","충혼탑 9:00 ~ 18:00(3~10월) 9:00 ~ 17:00(11~2월)
민주항쟁기념관 09:00 ~ 18:00",,,"도시철도 1호선 초량역 1번 출구 → 508 버스 환승 → 중앙공원?민주공원 하차 도보 6분
         1호선 동대신역 3번 출구 → 중구1 마을버스 환승 → 중앙공원?민주공원 하차 도보 5분
버스 38 43 508 70 중앙공원?민주공원 하차
주차 중앙공원?민주공원 공영주차장",,,,,,,,
,109,070-7543-5249,,명절 당일,"장애인 주차구역, 장애인 화장실",10:00~23:00,,,"도시철도 2호선 금련산역 6번 출구 하차 택시 이용 10~15분 소요
도시철도 1호선 시청역 6번 출구 하차 → 마을버스 연제구1 환승 → 물만골종점 하차 도보 20분
주차 황령산 전망쉼터 주차장",,,,,,,,
,110,051-756-1963,http://www.f1963.org/ko/,,"장애인 주차구역, 휠체어접근 가능",월~일/09:00 ~ 21:00(매장별 운영시간 상이),,,"도시철도 3호선 망미역 4번 출구 → 수영구2 마을버스 환승 → 산정아파트 하차 도보 2분
버스 54 고려제강 하차 도보 2분
주차 F1963 주차장",,,,,,,,
,111,051-749-7611,http://sunnfun.haeundae.go.kr/,,"휠체어 접근 가능, 안내견 동반 가능, 장애인 주차구역, 장애인 화장실, 휠체어 무료 대여",,,,"도시철도 2호선 해운대역 하차  5번 출구 도보 15분
버스 139, 307, 1003, 해운대해수욕장 하차
부산시티투어버스 부산역(레드라인) → 해운대해수욕장 하차
주차 해운대해수욕장 공영주차장",,,,,,,,
,112,051-622-4251,http://www.suyeong.go.kr/tour/index.suyeong,연중무휴,"장애인 화장실, 휠체어 접근 가능, 도시철도 접근 가능, 저상버스 접근 가능",상시,,,"도시철도 2호선 광안역 5번 출구 도보 13분
버스 41, 42 광안리해수욕장 하차
시티투어버스 부산역(레드라인) → 광안리해수욕장 하차
주차 인근 공영주차장",,,,,,,,
,113,,,연중무휴,,상시,,,"범어사 출발 기준
도시철도 1호선 범어사역 5번, 7번 출구 하차, 90번 버스 범어사 매표소 하차",,,,,,,,
,114,051-860-7880,http://geumgangpark.bisco.or.kr,연중무휴,"장애인 화장실, 장애인 주차구역, 휠체어접근 가능","금강공원 상시
금강식물원 08:00~17:00",,,"도시철도 1호선 온천장역 1번 출구 도보 15분
버스 46, 77, 80, 110, 110-1, 121, 131, 1002(심야) 금강공원 입구 하차 도보 5분
주차 금강공원 공영주차장(유료)",,,,,,,,
,115,051-508-3122,http://www.beomeo.kr/,연중무휴,"장애인 주차구역, 장애인 화장실",상시,,,"도시철도 1호선 범어사역 5, 7번 출구 → 버스 환승 90 범어사주차장 하차
주차 범어사 주차장(유료)",,,,,,,,
,116,051-550-6634,,연중무휴,,상시,,,"도시철도 명륜역 2번 출구 도보 21분
마을버스 동래구1-1, 동래구7 동래문화회관 하차 도보 4분",,,,,,,,
,117,,,연중무휴,"장애인 주차구역, 휠체어접근 가능",상시(가게별 상이),,,"도시철도 1호선 부산역 1번, 5번 출구
버스 2, 26, 27, 41, 59, 67, 87, 103, 167, 520 부산역 하차
주차 차이나타운 공영주차장(유료)",,,,,,,,
,118,010-6371-0073,,연중무휴,,상시,,,"도시철도 1호선 좌천역 7번 출구 도보 12분
버스 186, 29, 38, 86, 동구1, 동구1-1 아름빌아파트 하차",,,,,,,,
,119,051-554-4263,http://museum.busan.go.kr/bokcheon/,"월요일, 1월 1일","점자블록, 장애인용 엘리베이터, 경사로, 장애인 주차구역, 장애인 화장실, 휠체어접근 가능, 휠체어 대여",09:00 ~ 18:00 ,,,"도시철도 4호선 수안역 5번 출구 도보 18분
마을버스 동래구6 복천박물관 하차",,,,,,,,
,120,051-740-7300,http://www.bexco.co.kr,연중무휴,"장애인 전용 관람석, 점자블록, 엘리베이터, 장애인 주차구역, 휠체어접근 가능, 장애인 화장실",행사별 상이(홈페이지 참조),,,"도시철도 2호선 센텀시티역 1번 출구 도보 6분
버스 100, 100-1, 115-1, 139, 141, 181, 200, 31, 39, 40, 63 벡스코 시립미술관 하차",,,,,,,,
,121,051-780-6000,http://www.dureraum.org,연중무휴,"장애인 전용 관람석, 점자블록, 엘리베이터, 장애인 주차구역, 휠체어접근 가능, 장애인 화장실",매일 / 프로그램별 상이(홈페이지 참조),,,"도시철도 2호선 센텀시티역 6번 출구 도보 5분
버스 115, 181, 307, 해운대구3-1, 해운대구3-2 시청자미디어센터?KNN방송국 하차 도보 8분",,,,,,,,
,122,051-727-2393,,,"장애인 화장실, 장애인 주차구역, 휠체어접근 가능, 점자블록(화장실 입구)",상시,,,"마을버스 기장군9 상장안 하차 도보 약 17분
주차 장안사 주차장",,,,,,,,
,123,051-605-4091,,연중무휴,,상시,,,"도시철도 1호선 서면역 9번 출구 → 롯데호텔백화점 맞은편 정류장 버스 17, 23 환승 → 선암사 입구 하차 도보 14분
도시철도 1호선 서면역 13번 출구 → 영광도서 뒤 맞은편 정류장 버스 54, 63, 81, 133 어린이대공원 하차",,,,,,,,
,124,051-860-7848,http://bschildpark.bisco.or.kr/,연중무휴,"장애인 주차구역, 장애인 화장실, 휠체어접근 가능, 휠체어 무료대여, 엘리베이터, 안내견 동반 가능",상시,,,"도시철도 1호선 서면역 13번 출구 → 영광도서 뒤 맞은편 정류장 버스 54, 63, 81, 133 어린이대공원 하차, 도보 이동
주차 어린이대공원 주차장(유료)",,,,,,,,
,125,,,,,상시,,,"도시철도 2호선 장산역 10번 출구 도보 26분
버스 100-1, 115-1, 181, 40, 63 대림3차아파트 하차 도보 15분
주차 대천공원 공영주차장(유료) 도보 5분",,,,,,,,
,126,051-332-1690,,연중무휴,,상시,,,"대중교통 없음
도시철도 3호선 만덕역 1번 출구 도보 50분
주차 석불사 초입 노면주차장(좁음)",,,,,,,,
,127,051-519-4081(금정구청 문화관광과),http://www.geumjeong.go.kr/tour/index.geumj?menuCd=DOM_000000412001003000,연중무휴,"장애인 화장실, 장애인 주차구역",상시,,,"도시철도 1호선 범어사역 1번 출구 → 버스 환승 금정구3-1 → 상현마을 하차
버스 29, 49, 51, 80, 131, 301 범어사입구 하차 → 환승 금정구3-1 → 상현마을 하차
주차 선동주차장(무료)",,,,,,,,
,128,"051-552-4160(동래향교)
051-721-3287(기장향교)",,연중무휴,,상시,,,"동래향교
도시철도 1, 4호선 동래역 4번 출구 도보 10분
버스 100, 110-1, 동래구1, 동래구3, 동래구6-1 복산동주민센터 하차 도보 4분
기장향교
마을버스 기장군6 문화그린맨션 하차 도보 3분",,,,,,,,
,129,051-970-4062(강서구청 문화체육과),,연중무휴,,상시,,,도시철도 1호선 하단역 3번 출구 → 버스 520 환승 → 전망대 정류장 하차 연대봉까지 도보 이동,,,,,,,,
,130,051-220-4536(사하구청 산림녹지과),,연중무휴,,상시,,,"도시철도 1호선 당리역 1번 출구 → 마을버스 사하구2, 2-1 동원베네스트2차아파트 하차 등산로 도보 이동
버스 123, 126, 138, 16, 2, 3, 520, 58-2, 1001 사하구청 하차 도보 23분",,,,,,,,
,131,051-727-8758,,연중무휴,휠체어접근 가능,상시,,,"버스 187 대룡마을 하차
주차 대룡마을 공영주차장(무료)",,,,,,,,
,132,051-860-7830,,연중무휴,휠체어접근 가능,상시,,,"버스 167, 190 동아대학교병원 하차 도보 5분
마을버스 서구5 동아대학교 구덕캠퍼스 하차 도보 4분
주차 대신공원 공영주차장(유료)",,,,,,,,
,133,051-362-0261,https://www.busan.go.kr/forest/,"월요일, 1월 1일, 추석?설 당일","휠체어접근 가능, 장애인 주차구역, 장애인 화장실, 휠체어대여 가능","화~일
09:00~18:00(3~10월)
09:00~17:00(11~2월)",,,"도시철도 2호선 화명역 6번 출구 → 마을버스 금정구1 환승 → 화명수목원 하차
주차 화명수목원 주차장",,,,,,,,
,134,051-803-7573,http://www.sunamsa.or.kr,연중무휴,,상시,,,"도시철도 1호선 서면역 9번 출구 → 롯데호텔백화점 맞은편 정류장 버스 17, 23 환승 → 선암사 입구 하차 도보 14분
주차 선암사 주차장",,,,,,,,
,135,051-317-5671,http://www.woonsoosa.co.kr,연중무휴,장애인 화장실,상시,,,"도시철도 2호선 모라역 3번 출구 → 버스 148 환승 → 운수사 입구 하차 도보 17분
주차 운수사 주차장",,,,,,,,
,136,1577-0880,http://www.spo1.or.kr/,"공원 연중무휴
스포츠센터 매주 2, 4주 월요일","엘리베이터, 장애인 주차구역, 휠체어접근 가능, 휠체어대여 가능",홈페이지 참조,,,"도시철도 1호선 노포역 하차 1번 출구 → 버스 환승 29, 37, 49, 51, 80, 90, 131, 148, 301, 금정구2-2 금정공영차고지 하차 도보 12분",,,,,,,,
,137,,,,일부구간 휠체어접근 가능,상시,,,"버스 134, 23, 26, 68, 138-1, 168 남부중앙새마을금고 하차 도보 3분",,,,,,,,
,138,051-523-4223,http://www.busan.go.kr/cys/index,연중무휴,"장애인 주차구역, 장애인 화장실, 휠체어접근 가능","09:00~20:00
본전/기념관 09:00~18:00",,,"도시철도 4호선 충렬사역 1번 출구 도보 1분
버스 105, 129-1, 148, 29, 42, 99, 1010 낙민역 하차
주차 충렬사 주차장",,,,,,,,
,139,010-9346-8000,http://www.busancoffeemuseum.com,"토, 일",,월~금 10:00~17:00,,,"도시철도 2호선 전포역 7번 출구 도보 1분
버스 138-1, 24 경남공고 하차 도보 3분",,,,,,,,
,140,051-310-5136~8,http://www.sasang.go.kr/lmuseum/index.sasang,월요일,"점자안내판(입구), 엘리베이터",화~일 09:00~18:00,,,"도시철도 2호선 덕포역 1번 출구 도보 8분
버스 123, 126 삼락생태공원 하차 도보 6분
주차 사상생활사박물관 주차장",,,,,,,,
,141,051-590-9000,http://www.giantsclub.com/html/,홈페이지 참조,"장애인 좌석, 장애인 화장실",홈페이지 참조,,,"도시철도 3호선 종합운동장역 9번 출구 도보 11분
버스 54, 57, 83-1, 131 사직실내수영장 하차 도보 4분",,,,,,,,
,142,051-728-0993(안데르센  극장),,2022년 개장 예정,,상시(안데르센 극장이용 별도),,,"도시철도 2호선 장산역 5번 출구 → 버스 182 환승 → 기장전화국 하차 → 마을버스 기장군9 환승 → 하장안 하차, 도보 30분
주차 안데르센 극장 주차장",,,,,,,,
,143,,https://www.bsseogu.go.kr/tour/index.bsseogu,"매월 첫째, 셋째 월요일과 구정 및 새해 전날 휴무",,"개방시간: 매일 09:00~18:00(3월~9월), 매일 09:00~17:00(10월~2월)",,,"도시철도 1호선 자갈치역 하차- 1번출구- 자갈치역, 충무동교차로 정류장까지 도보 이동- 버스(7번) 환승- 암남공원 정류장 하차
주차 암남공원 공영주차장 이용(유료)",,,,,,,,
,144,,,연중무휴,,매일,,,"버스 134, 23, 26, 68, 138-1, 168 남부중앙새마을금고 하차 도보 3분",,,,,,,,
,145,051-976-2831,https://cafe.naver.com/busangreenforest,설날?추석 당일 휴무,,매일,,,"도시철도 1호선 범어사역 2번 출구, 마을버스 기장군2-3 환승, 부산치유의 숲 하차
주차 부산치유의 숲 주차장",,,,,,,,
,146,,,연중무휴,,매일,,,"도시철도 1호선 토성역 8번 출구 도보 15분
마을버스 사하구1-1 서구2 산상교회(비석문화마을) 하차
주차 아미골 공영주차장",,,,,,,,
,147,"유엔기념공원 051-625-0625
유엔평화기념관 051-901-1400",https://www.unmck.or.kr/intro/,"유엔기념공원 연중무휴
유엔평화기념관 매주 월요일, 1월 1일, 명절 당일","유엔기념공원
장애인 주차장, 장애인 화장실, 휠체어 대여, 휠체어 접근 가능
유엔평화기념관
점자블록, 장애인전용 엘리베이터, 장애인 주차장, 장애인 화장실, 휠체어 무료 대여, 휠체어 접근 가능","매일, 
유엔기념공원: 9:00 ~ 18:00 / 동절기 17:00
유엔평화기념관 10:00~18:00",,,"유엔기념공원
도시철도 2호선 대연역 3번 출구 도보 18분
버스 134, 68, 138, 138-1, 1006 유엔공원?부산문화회관 하차
부산시티투어버스 : 부산역(레드라인) → 유엔기념공원 하차
유엔평화기념관
버스 134, 68, 51 석포초 하차 도보 7분",,,,,,,,
,148,051-722-3023,https://www.foresttrip.go.kr/indvz/main.do?hmpgId=0202,화요일 휴무,,"일일개장 09:00~18:00
숙박시설 입실 당일 15:00~22:00
         퇴실 익일 12:00
운영요일: 수요일~월요일",,,"대중교통 없음
주차 달음산자연휴양림 주차장",,,,,,,,
,149,051-310-5400,https://library.busan.go.kr/busanlibrary/index.do,"월요일, 법정공휴일, 임시휴관일","장애인 화장실, 엘리베이터, 장애인 주차구역, 점자블록, 경사로, 휠체어접근 가능, 장애인 대상 도서 비치, 독서보조기기 대여 가능","화~금요일 09:00~22:00
토~일요일 09:00~18:00",,,"도시철도 2호선 덕포역 2번 출구 도보 3분
버스 15, 31, 33, 59, 62, 110, 148-1, 160, 169, 338, 1004(급행), 사상구1-1 덕포시장 하차
주차 부산도서관 주차장",,,,,,,,
,150,"051-888-7131~36, 7139~44",https://www.busan.go.kr/green/gcintro0401,"월요일 (단, 월요일이 공휴일인 경우 그 다음 평일), 1월 1일, 설날, 추석","안내센터, 장애인주차장, 장애인화장실, 휠체어접근가능, 점자블록, 보조견동반가능","화요일 ~ 일요일 09:00 ~ 17:00
(관람종료 1시간 전까지 입장 가능)",,,"도시철도 4호선 반여농산물시장역 2번 출구 도보 35분
버스 36, 115-1, 129-1, 183, 189, 189-1 석대역 하차, 도보 30분
주차 해운대수목원 주차장

해운대수목원 ↔ 도시철도 4호선 반여농산물시장역 무료 셔틀버스 운행
운행 요일 : 매주 화, 수, 목, 토, 일 (월, 금은 운행 안 함)
무료 셔틀버스 왕복 10:00 ~ 16:00까지 6차례 운행
반여농산물시장역 1번 출구 출발 : 10:00, 11:00, 13:00, 14:00, 15:00, 16:00
해운대수목원 입구 출발 : 10:30, 11:30, 13:30, 14:30, 15:30, 16:30 ",,,,,,,,
,151,051-604-7000(내선번호 0번),https://ananti.kr/kr/cove/cabinet_index.asp ,매월 마지막 주 목요일,,"월~금 11:00~19:00, 토~일 10:00~19:00",,,"동해선 오시리아역 1번 출구 → 오시리아역 정류장 버스 환승 139, 1001→ 동암후문 정류장 하차 도보 15분
버스 1001, 139, 181, 100 동암후문 정류장 하차 도보 15분
주차 아난티펜트하우스 해운대 주차장(유료)",,,,,,,,
,152,070-4151-2772,http://www.bongsan.org/,연중무휴,,상시,,,"도시철도 1호선 남포역 6번 출구 → 영도대교 정류장 버스 환승 113, 30, 8, 190, 66, 186, 88 → 한성맨션 정류장 하차 도보 5분",,,,,,,,
,153,051-809-5555,https://www.sangsangmadang.com/main/BS,연중무휴,,"입점공간별, 프로그램별 상이",,,"도시철도 1호선, 2호선 서면역 7번 출구 도보 5분
버스 108, 168, 23, 68 서면복개로 정류장 하차 도보 1분
주차 인근 공영주차장(가급적 대중교통을 이용하시기 바랍니다)",,,,,,,,
,154,051-722-8389,http://gijangmarket.modoo.at,연중무휴,,매일 07:00~22:00,가게별 상이,,"버스 188, 기장군11, 기장군2(학리), 기장군3(서생) 기장시장?농협 하차
동해선 기장역 1분 출구 도보 6분
버스 139, 181, 182, 36, 39, 1003 기장초등학교 하차",,,,,,,,
,155,051-757-3000,,연중무휴,"장애인 화장실, 휠체어 접근 가능",매일 09:00~02:00(가게별 상이),"1층 활어판매시장 횟감구입 별도 / 2~10층 횟집 상차림 1인 5,000원",,"도시철도 2호선 광안역 3번 출구 도보 18분
버스 210 진로비치아파트 하차 / 38, 41, 83, 83-1, 108 민락동 골목시장 하차 도보 7분
주차 민락회타운 주차장(유료), 민락수변공원 공영주차장(유료)",,,,,,,,
,156,051-746-3001,,연중무휴,휠체어 접근 가능,09:00 - 22:00,가게별 상이,,"도시철도 2호선 해운대역 3번 출구 도보 7분
버스 100, 115-1, 141, 200, 307, 39 해운대시장 하차",,,,,,,,
,157,"남항시장: 051-414-9500
봉래시장: 051-413-3111",,"1, 3주 일요일",,매일(휴무일 제외) 09:00~21:00,점포별 상이,,"남항시장
도시철도 1호선 남포역 6번 출구 도보 25분
버스 82, 85 남항시장 하차
주차 남항시장 공영주차장(유료)
봉래시장
도시철도 1호선 남포역 6번 출구 도보 23분
버스 30, 113, 8, 190, 186, 66, 88 해동병원 하차
주차 봉래시장 공영주차장(유료)",,,,,,,,
,158,051-818-7009,,"첫째, 셋째 일요일","장애인 주차구역, 휠체어접근 가능",월~일 04:00~19:00,점포별 상이,,"도시철도 1호선 부전역 1번 출구 도보 3분
버스 1, 110-1, 129-1, 141, 31, 33, 62, 77, 87, 1010 부전역 하차 도보 3분
주차 부전시장 공영주차장(유료)",,,,,,,,
,159,051-806-5025,,가게별 상이,먹자골목 휠체어접근 가능,가게별 상이,가게별 상이,,"도시철도 1?2호선 서면역 7번 출구 도보 3분
버스
108, 138, 167, 168, 17, 23, 67, 68 서면시장 하차
10, 111, 583, 66, 83, 83-1, 88 서면 하차
주차 서면시장 앞 노상공영주차장(유료)",,,,,,,,
,160,051-333-9033,,가게별 상이,"점자블록, 장애인 화장실, 휠체어접근 가능",08:00~20:00,가게별 상이,,"도시철도 2,3호선 덕천역 3번 출구 도보 3분
버스 110, 124, 126, 133, 148, 148-1, 160, 200, 307, 33 구포시장 하차",,,,,,,,
,161,,,가게별 상이,"휠체어접근 가능, 점자블록",가게별 상이,가게별 상이,,도시철도 1호선 부산대역 3번 출구,,,,,,,,
,162,051-245-7389,http://gukjemarket.co.kr,"매월 1,3주 일요일","엘리베이터, 장애인 주차구역, 경사로, 장애인 화장실",09:00 - 20:00(가게별 상이),가게별 상이,,"도시철도 1호선 자갈치역 7번 출구 도보 7분
버스 15, 40, 86, 126, 186 국제시장 하차 도보 4분",,,,,,,,
,163,051-243-1128,http://www.bupyeong-market.com/,연중무휴(가게별 상이),,"시장 08:00 ~ 20:00
야시장 19:30~23:00",가게별 상이,,"도시철도 1호선 자갈치역 3번 출구 도보 9분
버스 8, 11, 96, 103, 113, 중구1 부평시장 하차 도보 2분
주차 인근 유료주차장",,,,,,,,
,164,051-245-2594,http://jagalchimarket.bisco.or.kr/, 화요일,"장애인 화장실, 장애인용 엘리베이터, 장애인 주차구역, 휠체어접근 가능, 저상버스접근 가능",05:00~22:00,가게별 상이,,"도시철도 1호선 남포역 2번 출구, 자갈치역 1번 출구 도보 6분
버스 27, 41, 5-1, 61, 113, 30, 6, 7, 71, 86 자갈치시장, 신동아시장 하차",,,,,,,,
,165,,,연중무휴,광복동 주민센터 내 장애인 화장실,상시(가게별 상이),가게별 상이,,"도시철도 1호선 남포역 3번 출구 도보 5분
버스 6, 8, 11, 15, 17, 61, 70, 86, 87, 103, 113, 126 남포동 하차
주차 인근 공영주차장",,,,,,,,
,166,051-552-1651,,"매월 1,3주 일요일",휠체어접근 가능구간 있음,08:00 ~ 22:00(가게별 상이),가게별 상이,,"도시철도 4호선 수안역 7번 출구 도보 5분
버스 100, 110-1, 동래구2 동래시장 하차
주차 동래시장 공영주차장(유료)",,,,,,,,
,167,,,연중무휴,,상시,가게별 상이,,"도시철도 1호선, 2호선 2번 출구
버스 108, 138, 160, 167, 168, 169-1, 67, 68, 17, 23, 66 서면 하차
주차 인근 공영주차장",,,,,,,,
,168,,,,"장애인 주차구역, 장애인 화장실, 엘리베이터, 휠체어접근 가능",,,,,,,,,,,,
,169,,,,"장애인 주차구역, 장애인 화장실, 엘리베이터, 휠체어접근 가능",,,,,,,,,,,,
,170, 1577-0001,https://www.lotteshopping.com/branchShopGuide/floorGuideSub?cstr=0352,연중 2회,"엘리베이터, 휠체어접근 가능, 장애인 주차구역, 장애인 화장실",10:30~21:00,매장별 상이,,"동해선 오시리아역 1번 출구 도보 17분
버스 100, 181, 185, 해운대구9 롯데아울렛(동부산관광단지) 하차 도보 7분
주차 롯데아울렛 주차장",,,,,,,,
,171,051-810-3880,https://kr.lottedfs.com/main/index.do,"일, 월 휴무
","장애인 주차구역, 장애인 화장실, 엘리베이터, 휠체어접근 가능",09:30~17:30,매장별 상이,,"도시철도 1호선, 2호선 서면역 하차, 지하 연결통로 롯데백화점 입구방향 도보 3분
버스 8, 138, 167, 168, 17, 23, 67, 68, 1000, 1004 롯데호텔백화점 하차 보도 3분
주차 롯데백화점 주차장",,,,,,,,
,172,1661-8778,https://www.shinsegaedf.com/store/kr/bsStore,일/월요일 휴무,"장애인 주차구역, 장애인 화장실, 엘리베이터, 휠체어접근 가능",11:00~18:00,매장별 상이,,"도시철도 2호선 센텀시티역 10번, 12번 출구 도보 8분
버스 5-1, 39, 40, 63, 141, 155 신세계센텀시티 하차 도보 7분
주차 신세계 센텀시티몰 주차장",,,,,,,,
,173,051-460-1900,http://www.busandf.com/,연중무휴,"장애인 주차구역, 장애인 화장실, 엘리베이터, 휠체어접근 가능",09:30~18:30,매장별 상이,,"도시철도 1호선 중앙영 1번 출구 도보 6분
버스 126, 15, 186, 81, 86 백산기념관?영화체험박물관 하차 도보 6분
주차 용두산 공영주차장",,,,,,,,
,174,051-979-1900~1,https://kr.lottedfs.com/main/index.do,연중무휴,"장애인 주차구역, 장애인 화장실, 엘리베이터, 휠체어접근 가능",항공편 운항 시간대에 한하여 영업을 재개합니다(홈페이지공지사항 참조).,매장별 상이,,"부산김해경전철 공항역 1번 출구 도보 5분
버스 307, 1009, 강서구11, 강서구13 국제선청사 하차 도보 3분
주차 김해국제공항 국제선 여객주차장",,,,,,,,
,175,051-810-2500,https://www.lotteshopping.com/branchShopGuide/floorGuideSub?cstr=0005,월1회 휴점,"장애인 주차구역, 장애인 화장실, 엘리베이터, 휠체어접근 가능",10:30~20:00,매장별 상이,,"도시철도 1호선, 2호선 서면역 하차, 지하 연결통로 롯데백화점 입구방향 도보 3분
버스 8, 138, 167, 168, 17, 23, 67, 68, 1000, 1004 롯데호텔백화점 하차 보도 3분
주차 롯데백화점 주차장",,,,,,,,
,176,051-678-2500,https://www.lotteshopping.com/branchShopGuide/floorGuideSub?cstr=0333,월1회 휴점,"장애인 주차구역, 장애인 화장실, 엘리베이터, 휠체어접근 가능",10:30~20:00,매장별 상이,,"도시철도 1호선 남포역 하차, 8번 출구방향 지하 연결통로 이용 도보 2분
버스 186, 190, 508, 66, 82, 85 영도대교 하차 도보 3분
주차 롯데백화점 광복점 주차장",,,,,,,,
,177,1577-0001,https://www.lotteshopping.com/branchShopGuide/floorGuideSub?cstr=0027,월1회 휴점,"장애인 주차구역, 장애인 화장실, 엘리베이터, 휠체어접근 가능",10:30~20:00,매장별 상이,,"도시철도 2호선 센텀시티역 하차, 지하 연결통로 이용 도보 2분
버스 115, 181, 307 롯데백화점 센텀시티점 하차
주차 롯데백화점 센텀시티점 주차장",,,,,,,,
,178,1577-0001,https://www.lotteshopping.com/branchShopGuide/floorGuideSub?cstr=0016,월1회 휴점,"장애인 주차구역, 장애인 화장실, 엘리베이터, 휠체어접근 가능",10:30~20:00,매장별 상이,,"도시철도 1호선 명륜역 1,5번 출구 명륜역 육교 연결통로 롯데백화점 동래점 방향 도보 5분
버스 100-1, 111-1, 121, 144, 148-1, 189, 210 롯데백화점 동래점 하차 도보 3분
주차 롯데백화점 동래점 주차장",,,,,,,,
,179,051-745-1234,https://www.shinsegae.com/store/main.do?storeCd=SC00008,월1회 휴점,"장애인 주차구역, 장애인 화장실, 엘리베이터, 휠체어접근 가능",10:30~20:00,매장별 상이,,"도시철도 2호선 센텀시티역 하차, 지하 연결통로 이용 도보 2분
버스 141, 155, 39, 40, 5-1, 63 신세계센텀시티 하차 도보 4분
주차 신세계백화점 센텀시티점 주차장",,,,,,,,
,180,051-667-2233,http://www.ehyundai.com/newPortal/DP/DP000000_V.do?branchCd=B00124000,월1회 휴점,"장애인 주차구역, 장애인 화장실, 엘리베이터, 휠체어접근 가능",10:30 ~ 20:00,매장별 상이,,"도시철도 1호선 범일역 하차, 지하 연결통로 이용 도보 2분
버스 101, 111, 134, 168, 22, 27, 40, 42, 57, 583, 68, 80, 83-1, 99 자유시장 하차 도보 4분
주차 현대백화점 부산점 주차장",,,,,,,,
,181,1644-4001,https://www.premiumoutlets.co.kr/busan,"설날, 추석 당일","엘리베이터, 휠체어접근 가능, 휠체어대여 가능, 장애인 주차구역, 장애인 화장실",10:30a.m. ~ 21:00p.m.,매장별 상이,,"버스 182, 188, 37, 1008, 기장군8, 기장군8-1 부산프리미엄아울렛 하차 도보 2분
주차 부산 프리미엄 아울렛 주차장",,,,,,,,
,182,051-794-7000,https://www.elandretail.com/store01.do?branchID=00110044,월1회 휴점,"엘리베이터, 휠체어접근 가능, 장애인 주차구역, 장애인 화장실","월~목 10:30~21:00
금~일 10:30~22:00",매장별 상이,,"도시철도 1, 2호선 서면역 4, 6, 8번 출구 도보 5분
버스 138-1, 160, 24, 85, 남구10, 부산진구12 NC서면점 하차
주차 NC백화점 서면점 주차장",,,,,,,,
,183,051-862-2001,https://www.elandretail.com/store01.do?branchID=00110040&lang=000600KO,월1회 휴점,"엘리베이터, 휠체어접근 가능, 장애인 주차구역, 장애인 화장실","월~목 10:30~21:00
금~일 10:30~22:00",매장별 상이,,"도시철도 2호선 장산역 6번 출구 도보 1분
버스 115-1, 182, 185, 1011 장산역 하차 도보 3분
주차 NC백화점 해운대점 주차장",,,,,,,,
,184,051- 509-7000,https://www.elandretail.com/store01.do?branchID=00110038&lang=000600KO,월1회 휴점,"엘리베이터, 휠체어접근 가능, 장애인 주차구역, 장애인 화장실","월~목 10:30~21:00
금~일 10:30~22:00",매장별 상이,,"도시철도 1호선 부산대역 3번 출구 도보 11분
버스 100, 110, 111-1, 121, 131, 144, 16, 29, 301, 49, 51, 77, 80, 100-1 부산대학교 정문 하차 도보 3분
주차 NC백화점 부산대점 주차장",,,,,,,,
,185,1670-4532,https://www.ikea.com/kr/ko/stores/dong-busan/,연중 2회(설날?추석 당일),"엘리베이터, 휠체어접근 가능, 장애인 주차구역, 장애인 화장실","매일
매장 10:00~21:00
레스토랑 09:30~20:30
스몰란드 10:00~21:00",상품별 상이,,"동해선 오시리아역 1번 출구 도보 17분
버스 100, 181, 185, 해운대구9 롯데아울렛(동부산관광단지) 하차 도보 7분
주차 이케아동부산점 주차장",,,,,,,,
,186,,http://www.bfo.or.kr,,장애인 한바다축제 수어통역 / (사)부산장애인총연합회 051-863-0650,2021. 10. 29. ~ 31.,,,,,,,,,,,
,187,051-405-2727,,,"장애인 화장실, 장애인 주차장, 보조견 동반가능, 휠체어 대여가능, 다누비 순환열차 휠체어리프트 장착 차량 운행",태종대유원지 개방시간 하절기(3월~10월) 04:00~24:00 / 동절기(11월~2월) 05:00~24:00,무료,,"버스 186, 30, 66, 8, 88, 101, 1006 태종대(태종대온천) 하차
주차 태종대유원지 주차장 (유료)",,,,,,,,
,188,051-512-3455,http://www.geumjeong.go.kr/festival/index.geumj?&cpath=%2Ffestival,,,매년 5월 말,무료,,"[개막행사장]
도시철도 1호선 장전역 1,2번 출구 온천천 방향 도보 이동
버스 16, 29, 49, 51, 77, 80, 100, 100-1, 110, 111-1, 121, 131, 144, 301, 1008 장전역 하차",,,,,,,,
,189,051-309-4980~4,http://guponarufes.co.kr/,,,매년 5월 중순,무료,,"도시철도 2호선 수정역 3번 출구 화명생태공원
버스 15, 59, 111, 121, 126, 1009, 북구3, 북구7, 금정구1 수정역 하차",,,,,,,,
,190,051-501-6051,http://www.bfo.or.kr,,,"매년 11월
불꽃쇼 20:00 ~ 21:00",무료 (유료좌석 구매별도),,"도시철도 2호선 광안역 5번 출구 도보 12분
버스 41, 42 광안리해수욕장 하차 도보 5분
주차 인근 공영주차장(유료)",,,,,,,,
,191,051-808-7111,http://www.samkwangsa.or.kr/,,휠체어접근 가능,매년 부처님 오신 날 전후,무료,,"도시철도 2호선 서면역 9번 출구 영광도서 맞은편 정류장 → 마을버스 부산진구15 환승 → 삼광사 경내 하차
버스 44, 54, 63, 81, 133 삼광사 입구 하차
주차 삼광사 주차장(무료)",,,,,,,,
,192,051-501-6051,http://www.bfo.or.kr,,,매년 5월,무료,,"40계단 : 도시철도 1호선 중앙역 11번 출구 도보 5분
백년송도길 : 버스 6, 26, 30, 71, 96, 96-1 암남동주민센터 하차
168계단 : 도시철도 1호선 부산역 7번 출구 도보 이동
흰여울문화마을 : 버스 7, 70, 71, 508, 1006 흰여울문화마을 하차",,,,,,,,
,193,051-749-4062,http://www.haeundae.go.kr/tour/index.do,,휠체어접근 가능구간 있음,매년 5월,무료(체험비 별도),,"도시철도 2호선 해운대역 3,5번 출구 도보 이동
버스 139, 307, 1003 해운대해수욕장 하차
주차 해운대해수욕장 공영주차장",,,,,,,,
,194,051-501-6051,http://www.bfo.or.kr,,휠체어접근 가능구간 있음,2021. 6. 19(토) ~ 6. 20(일),무료,,"부산항국제여객터미널
버스 5-1, 1004 부산항국제여객터미널 하차

국립해양박물관
버스 66, 186 국립해양박물관 하차",,,,,,,,
,195,051-550-4092,,,휠체어접근 가능구간 있음,매년 10월,무료(일부 체험 유료),,"도시철도 1호선 명륜역 2번 출구 도보 21분
마을버스 동래구1-1, 동래구7 동래문화회관 하차 도보 7분",,,,,,,,
,196,051-245-2594,,,휠체어접근 가능,"매년 10월
프로그램별 상이",무료,,"도시철도 1호선 자갈치역 10번 출구 도보 6분
버스
27, 41, 5-1, 61 자갈치시장 하차
103, 11, 134, 17, 26, 70, 8, 87, 9 남포동 하차",,,,,,,,
,197,051-440-4062(동구청 문화체육관광과),http://www.bsdonggu.go.kr/tour/,,"장애인 주차구역, 휠체어접근 가능","매년 10월 중순
프로그램별 상이(홈페이지 참조)",무료,,"도시철도 1호선 부산역 1번, 5번 출구
버스 2, 26, 27, 41, 59, 67, 87, 103, 167, 520 부산역 하차
주차 차이나타운 공영주차장(유료)",,,,,,,,
,198,051-503-6111,http://www.busanbiennale.org/,,"장애인 화장실, 장애인 주차구역, 휠체어접근 가능, 저상버스 접근가능(11번)",매년 10월 10:00~19:00,무료,,"도시철도 1호선 다대포해수욕장역 2번, 4번 출구
버스 3, 338, 96-1, 1000, 사하구3-1, 사하구5 다대포해수욕장역 하차
주차 다대포해수욕장 공영주차장(유료)",,,,,,,,
,199,051-749-4061~4,https://www.haeundae.go.kr/index.do?menuCd=DOM_000000309006001000,,"장애인 화장실, 장애인 주차구역, 휠체어접근 가능, 저상버스 접근가능, 휠체어 대여, 시각장애인 편의서비스","2021. 11. 27. ~ 2022. 2. 2.
※ 코로나19 상황에 따라 운영 여부 및 시간은 변경될 수 있음.",무료,,"도시철도 해운대역 5번 출구 도보 8분
버스 139, 307 해운대해수욕장 하차 도보 2분",,,,,,,,
,200,051-709-4000,http://www.gijang.go.kr/tour/index.gijang,,휠체어접근 가능,"매년 4월
프로그램별 상이(홈페이지 참조)",무료,,"동해선 일광역 1번 출구 → 버스 188, 180, 기장군3, 기장군8-1 환승 → 이동 정류장 하차
축제 셔틀버스 일광역 ~ 축제장 입구(10:00 ~ 17:00)
주차 축제장 주차장",,,,,,,,
,201,051-610-4000,http://www.suyeong.go.kr/eobang,,휠체어접근 가능. 장애인 화장실,매년 4월,무료,,"도시철도 2호선 광안역 5번 출구 도보 13분
버스 41, 42 광안리해수욕장 하차
시티투어버스 부산역(레드라인) → 광안리해수욕장 하차",,,,,,,,
,202,051-709-4502,http://www.gijang.go.kr/tour/index.gijang,,휠체어접근 가능,매년 4월,무료,,도시철도 2호선 해운대역 7번 출구 → 버스 181 환승 → 대변항입구 하차,,,,,,,,
,203,051-243-3927,,,휠체어접근 가능,매년 12월 ~ 1월,무료,,"도시철도 1호선 남포역 3번 출구, 도보 약 4분
버스 5-1, 6, 7, 9, 11, 17, 26, 41, 71, 113 1003(급행) 남포동극장가 하차, 도보 약 10분
버스 15, 40, 81, 126, 135, 186, 58-1 국제시장 하차, 도보 약 10분",,,,,,,,
,204,051-501-6051,https://busanrockfestival.com/,,"장애인 화장실, 장애인 주차구역, 휠체어접근 가능",2021. 10. 2(토) 15:00 ~ 20:00,홈페이지 참조,,"부산김해경전철 괘법 르네시뗴 역 1번 출구 도보 16분
버스 123, 126 삼락생태공원 하차 도보 7분",,,,,,,,
,205,051-501-6051,http://www.bfo.or.kr/,,"장애인 주차구역, 장애인 화장실, 휠체어접근 가능, 휠체어대여 가능","매년 4월
2021. 4.1.(목) ~ 30.(금)",무료(일부 유료),,"도시철도 3호선 강서구청역 하차 1번 출구 도보 약 10분
버스 123, 124, 127, 128-1, 307 신덕마을 하차
주차 대저생태공원 주차장",,,,,,,,
,206,051-970-4812,http://www.bsgangseo.go.kr/visit/main.do,,"장애인 주차구역, 장애인 화장실, 휠체어접근 가능",매년 4월,무료,,"도시철도 3호선 체육공원역 1번 출구 도보 13분
버스 307, 1009, 강서구11, 강서구13 강서체육공원복지회관 하차
주차 강서체육공원 주차장",,,,,,,,
,207,051-310-3002,https://www.sasang.go.kr/index.sasang?menuCd=DOM_000000604002000000,,"장애인 주차구역, 장애인 화장실, 휠체어접근 가능",매년 3월,,,"도시철도 경전철 궤법르네시떼 1번 출구 도보 16분
버스 123,126,138-1 삼락생태공원 하차
주차 삼락생태공원 주차장",,,,,,,,
,208,051-310-4064,https://www.sasang.go.kr/index.sasang?menuCd=DOM_000000604001000000,,"장애인 주차구역, 장애인 화장실, 휠체어접근 가능",매년 3월,무료,,"도시철도 경전철 궤법르네시떼 1번 출구 도보 16분
버스 123,126,138-1 삼락생태공원 하차
주차 삼락생태공원 주차장",,,,,,,,
,209,051-749-4061(해운대구청 관광문화과),http://www.haeundae.go.kr/tour/index.do,,,,무료,,"도시철도 2호선 해운대역 5번 출구 도보 11분
버스 139, 307, 1003 해운대해수욕장 하차
주차 해운대해수욕장 공영주차장",,,,,,,,
,210,051-731-1509(부산일보사),http://bear.busan.com/,,,2021.6.11.~2021.6.20.,홈페이지 참조,,"도시철도 2호선 해운대역 5번 출구 도보 11분
버스 139, 307, 1003 해운대해수욕장 하차
주차 해운대해수욕장 공영주차장",,,,,,,,
,211,051-631-0858,http://www.tongsinsa.com/,,휠체어접근 가능,"매년 5월 초
2020.10.12. ~ 2020.11.08.",무료,,"도시철도 1호선 남포역 7번 출구 도보 7분
버스 134, 26, 30, 7, 71, 9, 103, 11, 113, 126, 15 남포동 하차 도보 10분",,,,,,,,
,212,1688-3010,http://www.biff.kr,,"장애인 화장실, 장애인전용 엘리베이터, 장애인 주차구역, 휠체어접근 가능, 시각장애인 편의서비스, 수유실","매년 10월
프로그램 별 상이(홈페이지 참조)","일반상영작 8,000원, 행사 및 체험 무료(일부 체험 유료)",,"영화의 전당
도시철도 2호선 센텀시티역 12번 출구 도보 12분
버스 115, 181, 307,해운대구3-1, 해운대구3-2 시청자미디어센터 하차",,,,,,,,
,213,051-204-1444,https://www.gamcheon.or.kr/,,,매년 4월 말,무료,,"도시철도
1호선 토성역 6번 출구 → 마을버스 환승 사하1-1, 서구2, 서구2-2 → 감정초등학교 하차 도보 5분
주차 감천2공영주차장",,,,,,,,
,214,051-710-6948,http://www.dureraum.org,,"장애인 전용 관람석, 점자블록, 엘리베이터, 장애인 주차구역, 휠체어접근 가능, 장애인 화장실","2021. 7.2. ~ 7. 4.
프로그램별 상이(홈페이지 참조)",프로그램별 상이(홈페이지 참조),,"도시철도 2호선 센텀시티역 6번 출구 도보 5분
버스 115, 181, 307, 해운대구3-1, 해운대구3-2 시청자미디어센터?KNN방송국 하차 도보 8분",,,,,,,,
,215,"051-780-4144
",http://bof.or.kr,,,"2021. 5. 6.(목)~5.9.(일), 프로그램별 상이(홈페이지 참조)
",무료,,BOF랜드: 부산광역시 중구 대교로 135 노티스,,,,,,,,
,216,,,,,,무료,,"영도대교
도시철도 1호선 남포역 6번, 8번 출구
신선중학교
버스 6, 82, 85, 9 신선중학교 하차 도보 3분
흰여울문화마을
도시철도 1호선 남포역 6번 출구 → 7, 71, 508 버스 환승 → 영선동 백련사 하차
부산시티투어버스 부산역(점보버스) → 흰여울문화마을 하차
주차 절영해안산책로 공영주차장
태종대
도시철도 1호선 부산역 7번 출구 →  66, 88, 101 버스 환승 → 태종대(태종대온천) 하차
주차 태종대 주차장",,,,,,,,
,217,,,,,,,,,,,,,,,,
,218,,,연중무휴,,상시,무료,,"대저생태공원
도시철도 3호선 강서구청역 3번 출구 → 강서구청역 정류장 버스 125번 환승 → 부산혜원학교 하차 도보 8분
삼락생태공원
부산김해 경전철 괘법르네시떼 1번 출구 도보 16분
주차 삼락생태공원 주차장
온천천시민공원
동해선 동래역 2번 출구 도보 15분
주차 동해선 동래역 주차장
오륙도
도시철도 2호선 경성대?부경대역 → 버스 24, 27, 131, 남구2 환승 → 오륙도 SK아파트 하차
부산시티투어버스 : 부산역(레드라인) → 용호만 유람선터미널(그린라인 환승) → 오륙도 하차
주차 오륙도 공영주차장",,,,,,,,
,219,,,,,,,,,,,,,,,,
,220,,,,,,,,,,,,,,,,
,221,,,,,,,,,,,,,,,,
,222,,,연중무휴,,용궁사 05:00 ~ 일몰 시까지,부산아쿠아리움 이용요금 홈페이지 참조,,,,,,,,,,
,223,,,,,,,,,,,,,,,,
,224,,,,,,,,,,,,,,,,
,225,,,,,,,,,,,,,,,,
,226,,,,,,,,,,,,,,,,
,227,,,,,,,,,,,,,,,,
,228,"부산문화콘텐츠콤플렉스 051-749-9159
도시철도 미남역 1544-5005",,,,,,,"부산문화콘텐츠콤플렉스 도시철도 2호선 센텀시티역 6번 출구 도보 8분
도시철도 미남역 도시철도 3호선 미남역 지하 
웹툰이바구길
버스 186, 86, 87 성북고개 하차 도보 1분
주차 성북공영주차장",,,,,,,,
,229,,,,,,,,,,,,,,,,
,230,"라벨라치타 051-747-6170
F1963 051-756-1963
신기숲 051-414-7774
젬스톤 051-418-1124",,,,,,,,,,,,,,,
,231,,,,,,,,,,,,,,,,
,232,"부산시립미술관  051-744-2602
부산디자인진흥원 051-790-1000
국립부산과학관 051-750-2300
국립해양박물관 051-309-1900
유엔평화기념관 051-901-1400",,,,,,,,,,,,,,,
,233,"영화의전당 051-780-6000
부산문화콘텐츠콤플렉스 051-749-9157
렛츠런파크부산경남 1566-3333
사상인디스테이션 051-316-7630
글로빌아트홀 051-505-5995",,,,,,,,,,,,,,,
,234,,,,,,,,,,,,,,,,
,235,,,,,,,,,,,,,,,,
,236,,,,,,,,,,,,,,,,
,237,"051-818-1320, 051-818-1330(부산 의료관광 종합안내센터)",https://www.busanjin.go.kr/meditour/index.busanjin,,,,,,"도시철도 1,2호선 서면역 9번 출구 일대
버스 1, 110-1, 124, 129-1, 133, 138-1, 141, 31, 33, 77, 85, 87, 108, 138, 167, 168, 17, 23, 67, 68, 1004 롯데호텔백화점 하차
주차: 인근 공영주차장(주차비 별도)",,,,,,,,
,238,,,,,,,,,,,,,,,,
,239,,,,,,,,,,,,,,,,
,240,,,,,,,,,,,,,,,,
,241,,,,,,,,,,,,,,,,
,242,,,,,,,,,,,,,,,,
,243,,,,,,,,,,,,,,,,
,244,"을숙도생태공원 051-209-2000
삼락생태공원 051-303-0048
대저생태공원 051-971-6011
다대포해수욕장 051-220-4127",,연중무휴,,상시,무료,,"을숙도생태공원
도시철도 1호선 하단역 3번 출구 → 3, 55, 58, 58-2, 168, 520, 1005, 2000, 58-1, 221 버스 환승 을숙도(문화회관) 하차 도보 10분
주차 을숙도 공영주차장
삼락생태공원
부산김해 경전철 괘법르네시떼 1번 출구 도보 16분
주차 삼락생태공원 주차장
대저생태공원
 도시철도 3호선 강서구청역 3번 출구 → 강서구청역 정류장 버스 125번 환승 → 부산혜원학교 하차 도보 8분
주차 대저생태공원 주차장
다대포해수욕장
도시철도 1호선 다대포해수욕장역 2번 출구 도보 8분
주차 다대포해수욕장 공영주차장",,,,,,,,
,245,,,연중무휴,,상시,무료,,,,,,,,,,
,246,"을숙도생태공원 051-209-2000
화명생태공원 051-310-6011
대저생태공원  051-971-6011",,연중무휴,,상시,무료,,"을숙도생태공원
도시철도 1호선 하단역 3번 출구 → 3, 55, 58, 58-2, 168, 520, 1005, 2000, 58-1, 221 버스 환승 을숙도(문화회관) 하차 도보 10분
주차 을숙도 공영주차장
화명생태공원
도시철도 2호선 화명역 1번 출구 도보 10분
주차 화명생태공원 주차장
대저생태공원
도시철도 3호선 강서구청역 3번 출구 → 강서구청역 정류장 버스 125번 환승 → 부산혜원학교 하차 도보 8분
주차 대저생태공원 주차장
수영강시민공원
동해선 부산원동역 2번 출구 도보 15분
온천천시민공원
동해선 동래역 2번 출구 도보 15분
주차 동해선 동래역 주차장",,,,,,,,
,247,,,,,,,,"백양초?중학교 도시철도 3호선 만덕역 3번 출구 도보 15분
만덕레고마을 도시철도 3호선 만덕역 1번 출구 도보 10분
만덕오리민속마을
도시철도 3호선 만덕역 3번 출구 → 마을버스 북구8 환승 → 한신아파트 정문 하차 도보 5분
석불사 도시철도 3호선 만덕역 1번 출구 택시 이용",,,,,,,,
,248,,,,,,,,"회동마루
버스 179, 184, 42, 43, 5-1, 99 회동본동 하차 도보 5분
다대포해수욕장?꿈의낙조분수
도시철도 1호선 다대포해수욕장역 2번 출구 도보 8분
주차 다대포해수욕장 공영주차장",,,,,,,,
,249,,,,,,,,,,,,,,,,
,250,,,,,,,,,,,,,,,,
,251,"해운대해수욕장 051-749-7611
광안리해수욕장 051-622-4251
송정해수욕장 051-749-7611",,연중무휴,,상시,무료,,"해운대해수욕장
도시철도 2호선 해운대역 하차 5번 출구 도보 15분
부산시티투어버스 부산역(레드라인) → 해운대해수욕장 하차
주차 해운대해수욕장 공영주차장
광안리해수욕장
도시철도 2호선 광안역 5번 출구 도보 13분
시티투어버스 부산역(레드라인) → 광안리해수욕장 하차
주차 인근 공영주차장
송정해수욕장
도시철도 2호선 해운대역 하차 → 해운대 정류장 139, 182, 200, 38, 39, 40, 63, 1001, 1003, 1011 버스 환승 → 송정해수욕장 입구 하차 도보 12분
동해선 송정역 하차 도보 17분
주차 송정해수욕장 공영주차장
죽성성당
버스 해운대온천사거리 정류장 급행 1003 버스 → 기장성당 하차 → 마을버스 6 환승 → 두호마을 하차
주차 죽성성당 인근 주차장 (유료)
오랑대공원
버스 100, 139, 181 해광사 하차 → 도보 4분
주차 오랑대공원 주차장",,,,,,,,
,252,"아미산전망대 051-265-6863
을숙도  051-209-2000",,"아미산전망대 1월 1일, 월요일 휴무
다대포해수욕장, 흰여울문하마을, 을숙도 연중무휴",,"아미산전망대 화~일 09:00 ~ 18:00
다대포해수욕장, 흰여울문화마을, 을숙도 상시
(을숙도생태공원 야간출입 제한 20:00~익일 08:00)",무료,,"아미산전망대
도시철도 1호선 다대포항역 1번 출구 → 사하구15 마을버스 환승 → 몰운대성당 하차 도보2분
주차 아미산전망대 공영주차장(무료)
다대포해수욕장
도시철도 1호선 다대포해수욕장역 2번 출구 도보 8분
주차 다대포해수욕장 공영주차장(유료)
흰여울문화마을
도시철도 1호선 남포역 6번 출구 → 7, 71, 508 버스 환승 → 영선동 백련사 하차
부산시티투어버스 부산역(점보버스) → 흰여울문화마을 하차
주차 절영해안산책로 공영주차장
을숙도
도시철도 1호선 하단역 3번 출구 → 3, 55, 58, 58-2, 168, 520, 1005, 2000, 58-1, 221 버스 환승 을숙도(문화회관) 하차 도보 10분
주차 을숙도 공영주차장",,,,,,,,
,253,,,연중무휴,,상시,무료,,,,,,,,,,
,254,,,"부전시장 첫째, 셋째 일요일 휴무
온천천카페거리, 송정해수욕장, 죽성성당, 일광해수욕장 연중무휴",,부전시장 월~일 04:00~19:00 ,"부전시장 점포별 상이
온천천카페거리, 송정해수욕장, 죽성성당, 일광해수욕장 무료",,,,,,,,,,
,255,,,,,,,,,,,,,,,,
,256,,,연중무휴,,상시,무료,,"해운대해수욕장
도시철도 2호선 해운대역 하차 5번 출구 도보 15분
부산시티투어버스 부산역(레드라인) → 해운대해수욕장 하차
주차 해운대해수욕장 공영주차장

청사포
도시철도 2호선 장산역 5번 출구 → 마을버스 해운대구2 환승 → 청사포 슈퍼 하차 도보 3분
부산시티투어버스 레드라인(부산역) → 블루라인 환승(해운대해수욕장) → 청사포 하차
주차 청사포 공영주차장

미포
도시철도 2호선 중동역 7번 출구 도보 17분",,,,,,,,
,257,,,,,"모노레일 07:00~20:00
경사형 엘리베이터 06:00~23:00",무료,,"도시철도 1호선 부산역 7번 출구 도보 2분, 초량역 1번 출구 도보 8분
버스 26, 27, 40, 41, 59, 81, 87, 103, 1003, 1004 부산역 하차 도보 2분
주차 인근 공영주차장",,,,,,,,
,258,,,,,,,,"도시철도 2호선 전포역 7번 출구 도보 6분
버스 5-1, 10, 20, 29, 43, 52, 57, 80, 99, 111, 133, 169-1 부전도서관 하차 도보 2분
주차 인근 공여주차장",,,,,,,,
,259,"부산시설공단 교량관리처 051-780-0077
(영도대교, 부산대교, 광안대교, 남항대교)
부산항대교 1544-3888
을숙도대교 051-271-8585",,연중무휴,,상시,통행료 별도,,,,,,,,,,
,260,유엔기념공원 051-625-0625,,연중무휴,,"상시
유엔기념공원 9:00~18:00(동절기 17:00 이후 입장불가)",무료,,,,,,,,,,
,261,051-790-4000(기장군청),http://www.gijang.go.kr/tour/index.gijang,연중무휴,,상시,무료,,"도시철도 2호선 센텀시티역 하차 - 버스 181번 환승 - 기장시장 하차 -마을버스 기장군3, 기장군8-1 - 신평 하차 도보 4분
주차 신평소공원 주차장(5대 주차 가능)",,,,,,,,
,262,허브랑야생화 051-515-0130,,허브랑야생화 월요일 휴무,,"허브랑야생화
평일 10:00~17:30 주말, 공휴일 10:00~18:30","허브랑야생화
입장권 5,000원(24개월 이상)",,,,,,,,,,
,263,,,,,,,,,,,,,,,,
,264,,,,,,,,,,,,,,,,
,265,,,,,,,,,,,,,,,,
,266,,,,,,,,,,,,,,,,
,267,,,,,,,,,,,,,,,,
,268,,,,,,,,,,,,,,,,
,269,,,,,,,,,,,,,,,,
,270,,,,,,,,,,,,,,,,
,271,,,,,,,,,,,,,,,,
,272,,,,,,,,,,,,,,,,
,273,,,,,,,,,,,,,,,,
,274,,,,,,,,,,,,,,,,
,275,,,,,,,,,,,,,,,,
,276,,,,,,,,,,,,,,,,
,277,,,,,,,,,,,,,,,,
,278,,,,,,,,,,,,,,,,
,279,,,연중무휴,,상시,무료,,"문동방파제
기장군청 버스정류장 180, 188 승차 → 문동 하차 도보 5분
주차 문동방파제 주차장

삼락생태공원
부산김해 경전철 괘법르네시떼 1번 출구 도보 16분
주차장 삼락생태공원 주차장

다대포해수욕장
도시철도 1호선 다대포해수욕장역 2번 출구 도보 8분
주차 다대포해수욕장 공영주차장",,,,,,,,
,280,,,연중무휴,,상시,무료,,도시철도 3호선 미남역 3번 출구 - 버스 210번 환승 - 원광사 하차,,,,,,,,
,281,"용두산공원 051-860-7820 / 부산타워 051-661-9393
어린이대공원 051-860-7848
태종대 051-405-8745",,"연중무휴
(용두산공원 부산타워는 기상 등의 이유로 변경될 수 있음)",,,"무료
(용두산공원 부산타워 입장료 별도)",,"용두산공원
도시철도 1호선 중앙역 1번 출구 도보 6분
1호선 남포역 7번 출구 도보 7분
주차 용두산공원 공영주차장

어린이대공원
버스 54, 63, 81, 133 어린이대공원 하차
주차 어린이대공원 주차장

태종대
도시철도 1호선 부산역 7번 출구 → 66, 88, 101 버스 환승 → 태종대(태종대온천) 하차
주차 태종대 공영주차장",,,,,,,,
,282,"민주공원 051-790-7400
대신공원 051-860-7830
화명수목원 051-362-0261",,"민주공원 민주항쟁기념관 매주 월요일, 1월 1일 휴무
대신공원 연중무휴
화명수목원 월요일, 1월 1일, 추석?설 당일 휴무",,,무료,,"민주공원 
도시철도 1호선 초량역 1번 출구 → 508 버스 환승 → 민주공원 하차 도보 6분
주차 민주공원 공영주차장
대신공원
버스 167, 190 동아대학교병원 하차 도보 5분
주차 대신공원 공영주차장
화명수목원
도시철도 2호선 화명역 6번 출구 → 마을버스 금정구1 환승 → 화명수목원 하차
주차 화명수목원 주차장",,,,,,,,
,283,임시수도기념관 051-244-6345,,"임시수도기념관
1월 1일, 매주 월요일 휴무",,"임시수도기념관
이용시간 09:00 ~ 18:00 ※ 매주 마지막 주 금요일 09:00~20:00",무료,,,,,,,,,,
,284,,,,,,,,,,,,,,,,
,285,,,연중무휴,,,무료,,,,,,,,,,
,286,,,연중무휴,,,무료,,"삼락생태공원
부산김해 경전철 괘법르네시떼역 1번 출구 도보 16분
주차 삼락생태공원 공영주차장

부산시민공원
도시철도 1호선 부전역 7번 출구 도보 15분
동해선 부전역 2번 출구 도보 10분
주차 부산시민공원 주차장",,,,,,,,
,287,,,연중무휴,,상시,무료,,,,,,,,,,
,288,,,,,,,,"태종사/법융사
도시철도 1호선 부산역 7번 출구 →  66, 88, 101 버스 환승 → 태종대(태종대온천) 하차, 도보 또는 다누비열차 이용
주차 태종대 주차장

아미르공원
버스 190, 30, 8, 101, 88 동삼혁신지구입구 하차, 도보 5분
주차 국립해양박물관 주차장",,,,,,,,
,289,,,,,,,,"장산 계곡
도시철도 2호선 장산역 10번 출구 택시 이용
주차 대천공원 공영주차장
대천천계곡
도시철도 2호선 화명역 6번 출구, 마을버스 금정구1 환승, 애기소 하차
주차 대천천마을 공동주차장
운수사 계곡
주차 운수사 주차장",,,,,,,,
,290,,,,,,,,"도시철도 1호선 하단역 3번 출구 → 버스 3, 강서구17 환승 → 신호초등학교 사거리 하차 ",,,,,,,,
,291,,,,,,무료,,,,,,,,,,
,292, 051-898-9300,,일요일 휴무,,한국신발관 월~토 10:00~17:00,무료,,"도시철도 2호선 개금역 2번 출구 → 개금초등학교 정류장 → 버스 169, 167, 160, 138-1 환승 → 한국신발관 하차
주차 한국신발관 주차장",,,,,,,,
,293,,,연중무휴,,상시,무료,,"삼락생태공원
부산김해 경전철 괘법르네시떼역 1번 출구 도보 16분
주차 삼락생태공원 공영주차장
두구동 연꽃소류지
도시철도 1호선 노포역 1번 출구 → 마을버스 금정구2-2, 기장군2-3 환승 → 조리 하차 도보 5분
주차 인근주차장
도시철도 3호선 강서구청역 3번 출구 → 강서구청역 정류장 버스 125번 환승 → 부산혜원학교 하차 도보 8분
주차 대저생태공원 공영주차장",,,,,,,,
,294,070-4050-6861,https://www.gklink.com/index.php,"가덕해양파크 휴게소 연중무휴
홍보전시관 매주 월요일, 명절연휴",,"가덕해양파크 휴게소 상시
홍보전시관 화~일 09:00~17:00 ",,,,,,,,,,,
,295,,,연중무휴,,상시,무료,,"부산치유의숲
도시철도 1호선 범어사역 2번 출구, 마을버스 기장군2-3 환승, 부산치유의 숲 하차
주차 부산치유의 숲 주차장
회동수원지
도시철도 1호선 구서역 2번 출구, 마을버스 금정구3-1 환승, 상현마을 하차
주차 인근 주차장
다대포해수욕장
도시철도 1호선 다대포해수욕장역 2번 출구 도보 8분
주차 다대포해수욕장 공영주차장",,,,,,,,
,296,,,,,,,,,,,,,,,,
,297,,,연중무휴,,상시,무료,,,,,,,,,,
,298,"부산시립미술관 051-744-2602
고은사진미술관 051-746-0055
서면미술관 051-805-0555",,,,,,,,,,,,,,,
,299,,,연중무휴,,상시,무료,,"아미르공원
버스 190, 30, 8, 101, 88 동삼혁신지구입구 하차, 도보 5분
주차 국립해양박물관 주차장
평화공원
버스 10, 155, 583, 남구8 평화공원 하차, 도보 2분
주차 평화공원 공영주차장",,,,,,,,
,300,"부산시민공원 051-850-6000
부산시립미술관 051-744-2602
광안리해수욕장 051-622-4251",,,,,,,,,,,,,,,
,301,,,연중무휴,,상시,무료,,,,,,,,,,
,302,,,,,,,,,,,,,,,,
,303,,,,,,,,,,,,,,,,
,304,,,,,,,,,,,,,,,,
,305,051-240-3521,,매주 월요일,,화~일요일,무료,,"도시철도 1호선 서대신역 4번 출구 → 마을버스 서구1 환승 → 구덕꽃마을 하차 도보 10분
주차 구덕문화공원 주차장",,,,,,,,
,306,,,,,,,,,,,,,,,,
,307,,,,,매일,캠핑장별 상이(개별문의),,"자가운전 각 캠핑장 주차장
구덕야영장 도시철도 1호선 서대신역 4번 출구 → 마을버스 서구1 환승 → 구덕꽃마을 하차
대저생태공원캠핑장 도시철도 3호선 강서구청역 3번 출구 → 강서구청역 정류장 버스 125번 환승 → 부산혜원학교 하차 도보 8분",,,,,,,,
,308,,,,,,,,,,,,,,,,
,309,,,연중무휴,,"초량이바구길
모노레일 07:00~20:00 경사형 엘리베이터 06:00~23:00",송도해상케이블카 유료,,,,,,,,,,
,310,,,,,,,,,,,,,,,,
,311,,,연중무휴,,상시,무료,,"장산
도시철도 2호선 장산역 10번 출구 택시 이용
주차 대천공원 공영주차장

황령산
도시철도 2호선 금련산역 6번 출구 택시 이용
주차 황령산 전망쉼터 주차장",,,,,,,,
,312,,,,,,,,,,,,,,,,
,313,"낙동강생태탐방선：051-294-2135
을숙도자전거투어：051-293-0403",,낙동강생태탐방선：월 휴무,,,,,"낙동강생태탐방선 / 을숙도자전거투어(을숙도자전거문화체험협동조합)
도시철도 1호선 하단역 3번 출구 → 버스 3, 58-2, 520, 58, 55 환승 → 을숙도문화회관 하차, 도보 5분
주차 을숙도공영주차장",,,,,,,,
,314,,,,,,,,"태종대
도시철도 1호선 부산역 7번 출구 →  66, 88, 101 버스 환승 → 태종대(태종대온천) 하차
주차 태종대공영주차장(유료)

송도해수욕장 
도시철도 1호선 자갈치역 7번 출구 → 96, 26, 30, 7, 71 버스 환승 → 송도해수욕장 하차 도보 3분
주차 송도해수욕장 공영주차장(유료)",,,,,,,,
,315,051-440-4814(동구청 문화체육관광과),,연중무휴,,매일,무료,,"도시철도 1호선 부산진역 1번 출구 → 마을버스 동구2 환승 → 수정아파트5동 하차 도보 10분
주차 구봉산 치유숲길 공영주차장",,,,,,,,
,316,,,,,매일,무료,,"몰운대
도시철도 1호선 다대포해수욕장역 4번 출구 도보 5분
주차 다대포해수욕장 공영주차장
영도 청학배수지 전망대
버스 9, 마을버스 영도구5, 영도구7 이용 (구)해사고 정류장 하차
우암동 도시숲
도시철도 2호선 지게골역 1번 출구 도보 20분",,,,,,,,
,317,,,연중무휴,,매일,무료,,"땅뫼산 황토숲길
도시철도 1호선 범어사역 1번 출구 → 마을버스 금정구3-1 환승 → 상현마을 하차, 도보로 이동
주차 선동주차장 또는 인근 주차장

수영사적공원
도시철도 2,3호선 수영역 1번 출구 도보 9분
버스 1, 131, 141, 20, 5-1, 62, 63 수영사적공원 하차
주차 수영사적공원 공영주차장",,,,,,,,
,318,,,연중무휴,,매일 / 상시,무료,,"승학산 억새평원
도시철도 1호선 당리역 1번 출구 → 마을버스 사하구2, 사하구2-1 환승 → 동원베네스트2차아파트 하차 등산로 도보 이동

백양산 웰빙숲
도시철도 2호선 모라역 3번 출구 택시 이용
주차 운수천공영주차장",,,,,,,,
,319,,,연중무휴,,"매일, 상시",무료,,"동백방파제
기장군청 정류장 버스 188, 180 승차 → 동백 하차 
주차 동백항
병산저수지
기장시장 정류장 버스 182 승차 → 현진에버빌후문사거리 하차 → 도보 30분
주차 인근 주차장 이용
사라수변공원
동해선 기장역 1번 출구 → 기장중학교 정류장 마을버스 기장군11 승차 → 기장고등학교 하차 도보 10분
주차 사라수변공원 주차장(좁음)",,,,,,,,
,320,051-508-3103,,,,매일 08:00~18:00,매장별 상이,,"도시철도 1호선 노포역 1번 출구 → 버스 50, 58, 59, 61, 17 환승, 두구동 입구 하차
주차 두구화훼단지 주차장",,,,,,,,
,321,,,연중무휴,,매일,무료,,"을숙도생태공원
도시철도 1호선 하단역 3번 출구 → 3, 55, 58, 58-2, 168, 520, 1005, 2000, 58-1, 221 버스 환승 을숙도(문화회관) 하차 도보 10분
주차 을숙도생태공원 주차장

삼락생태공원
부산김해 경전철 괘법르네시떼역 1번 출구 도보 16분
주차장 삼락생태공원 주차장

대저생태공원
대저생태공원캠핑장 도시철도 3호선 강서구청역 3번 출구 → 강서구청역 정류장 버스 125번 환승 → 부산혜원학교 하차 도보 8분
주차 대저생태공원 주차장
",,,,,,,,
,322,,,연중무휴,,상시,무료,,"도시철도 2호선 해운대역 4번 출구 도보 2분
버스 100, 100-1, 115-1, 141, 181, 200, 38, 39, 63, 1001, 1006, 1011 해운대도시철도역 하차 도보 3분",,,,,,,,
,323,,,연중무휴,,상시,,,"대항어촌마을
도시철도 1호선 하단역 → 버스 520 환승 → 대항마을 정류장 하차, 도보 4분
주차 부산 강서구 대항동 산13-26 (대항공영주차장)
정거마을
도시철도 1호선 하단역 → 버스 58 환승 → 선창 정류장 하차, 도보 35분",,,,,,,,
,324,,,연중무휴,,매일,무료,,"부산시민공원
도시철도 1호선 부전역 1번 출구 도보 17분
버스 33, 44, 63, 179 부산시민공원 하차 도보 6분
주차 부산시민공원 주차장(유료) 
APEC나루공원
도시철도 2호선 센텀시티역 12번 출구 도보 10분
버스 139 영화의전당 하차 도보 3분
어린이대공원
버스 54, 63, 81, 133 어린이대공원 하차
주차 어린이대공원 주차장(유료)",,,,,,,,
,325,070-4010-8130~2(공원관리사무실),,"월요일, 1월1일, 설?추석 당일",,화요일~일요일 09:00~18:00,무료,,"도시철도 2호선 감전역 2번 출구 도보 10분
버스 129-1, 133, 169-1 사상근린공원 하차 도보 3분
주차 사상근린공원 주차장",,,,,,,,
,326,,,연중무휴,,상시,무료,,"승학산
도시철도 1호선 당리역 1번 출구 → 마을버스 사하구2, 2-1 동원베네스트2차아파트 하차 등산로 도보 이동
버스 123, 126, 138, 16, 2, 3, 520, 58-2, 1001 사하구청 하차 도보 23분
을숙도
도시철도 1호선 하단역 3번 출구 → 3, 55, 58, 58-2, 168, 520, 1005, 2000, 58-1, 221 버스 환승 을숙도(문화회관) 하차 도보 10분
주차 을숙도 공영주차장
다대포
도시철도 1호선 다대포해수욕장역 2번 출구 도보 8분
주차 다대포해수욕장 공영주차장",,,,,,,,
,327,,,연중무휴,,상시,무료(산성마을 음식점 이용요금 별도),,,,,,,,,,
,328,051-440-4814(동구청 문화체육관광과),,,,,,,"도시철도 1호선 부산역 7번출구 도보10분
버스 22, 508, 52 (구)해룡약국 하차, 도보 3분
주차 부산역 공영주차장",,,,,,,,
,329,,,연중무휴,,상시,무료,,"도시철도 3호선 배산역 6번 출구 도보 20분
버스 1, 131, 141, 20, 5-1, 51, 57, 62, 63 배산역 하차 도보 20분
주차 인근 주차장",,,,,,,,
,330,,,,,,,,"해운대해수욕장
도시철도 2호선 해운대역 하차 5번 출구 도보 15분
주차 해운대해수욕장 공영주차장
해동용궁사
동해선 오시리아역 1번 출구 → 오시리아역 버스정류장 139 버스 환승 → 해동용궁사 하차
주차 해동용궁사 주차장 ",,,,,,,,
,331,051-701-5548,https://www.bluelinepark.com/beachTramCourse.do,연중무휴,,상시,무료(해운대해변열차 이용요금 별도),,"해운대블루라인파크 미포정거장
부산광역시 해운대구 달맞이길62번길 13
도시철도 2호선 중동역 7번 출구 도보 18분
주차 해운대블루라인파크 미포정거장 주차장",,,,,,,,
,332,,,"초량이바구길 연중무휴
이바구충전소 월요일 휴무",,"초량이바구길 상시
이바구충전소 화~일요일",,,"도시철도 1호선 부산역 7번 출구 도보 2분
버스 26, 27, 40, 41, 59, 81, 87, 103, 1003, 1004 부산역 하차 도보 2분
주차 부산역 공영주차장",,,,,,,,
,333,용두산공원 051-860-7820,http://yongdusanpark.bisco.or.kr/,연중무휴,,,무료,,"도시철도 1호선 남포역 7번 출구 도보 7분
버스 134, 26, 30, 7, 71, 9, 103, 11, 113, 126, 15 남포동 하차 도보 10분
주차 용두산공원 공영주차장(유료)",,,,,,,,
,334,다대포해변공원관리센터 051-220-4127,,,,,,,"도시철도 1호선 다대포해수욕장역 2번 출구 도보 8분
버스 11, 2, 3, 338, 96, 96-1, 1000 다대포해수욕장 하차
주차 다대포해수욕장 공영주차장(유료)",,,,,,,,
,335,"용소웰빙공원 051-709-4534
부산현대미술관 051-220-7400",http://www.busan.go.kr/moca,부산현대미술관 월요일/ 1월 1일 휴관(월요일이 공휴일이면 화요일 휴관 (입장 : 전시종료 30분전 마감),,"용소웰빙공원, 광안리 민락항 방파제, 남치이 인문학 거리 매일   
송도 구름산책로 매일 06:00~23:00
부산현대미술관  매일 10:00 - 18:00 ",부산현대미술관 전시에 따라 다름 ,,"용소웰빙공원 동해선 기장역 1번 출구, 39번 버스 환승 기장초등학교 하차 도보 12분 
광안리 민락항 방파제 도시철도 2호선 광안역 5번 출구, 83, 210 버스 환승 민락동차고지, 민락매립지공영주차장 하차 도보 8분 
남치이 인문학거리 도시철도 2호선 남천역 2번 출구, 도로 4분 
송도 구름산책로 도시철도 1호선 남포동역 8번 출구, 6번 버스 환승 암남동주민센터 하차 도보 11분 
부산현대미술관 도시철도 1호선 하단역 5번 출구, 58-2 버스 환승 부산현대미술관 하차 도보 3분",,,,,,,,
,336,,,연중무휴,,"이기대 몽돌해변
상시개방

청사포 몽돌해변
개방시간 09:00~18:00

태종대등대 자갈마당
매일 04:00 - 24:00(3~10월)
매일 05:00 - 24:00(11~2월)

몰운대 몽돌해변
상시개방","무료
(태종대 다누비 열차 별도 요금)",,"이기대 몽돌해변
도시철도 2호선 경성대?부경대역 5번 출구 → 버스 환승 20 22 24 27 39 131 → 용호2동주민센터 정류장 하차, 도보 30분(택시 이용 13분)

청사포 몽돌해변
도시철도 2호선 장산역 5번 출구 → 마을버스 해운대구2 환승 → 청사포 슈퍼 하차 도보 6분
부산시티투어버스 레드라인(부산역) → 블루라인 환승(해운대해수욕장) → 청사포 하차

태종대등대 자갈마당
도시철도 1호선 부산역 7번 출구 → 66, 88, 101 버스 환승 → 태종대(태종대온천) 하차
버스 8, 30, 66, 88, 101, 186 태종대(태종대온천) 하차

몰운대 몽돌해변
도시철도 1호선 다대포해수욕장역 2번 출구, 도보 27분
버스 11, 2, 3, 338, 96, 96-1, 1000 다대포해수욕장 하차, 도보 27분",,,,,,,,
,337,,,"천마산전망대(천마산조각공원) 연중무휴
아미산전망대 1월 1일, 월(공휴일이 경우 그 다음 날)
영주하늘눈전망대 연중무휴",,"천마산전망대(천마산조각공원) 상시
아미산전망대 화~일 09:00~18:00
영주하늘눈전망대 상시","천마산전망대(천마산조각공원) 무료
아미산전망대 무료(카페이용 별도)
영주하늘눈전망대 무료",,"천마산전망대(천마산조각공원)
도시철도 1호선 토성역 10번 출구 → 부산대학교병원 정류장 버스 134번 환승 → 동산교회 하차  → 도보 10분
주차 (구)감정초등학교 공영주차장(유료)

아미산전망대
도시철도 1호선 다대포해수욕장역 1번 출구, 도보 20분
도시철도 1호선 다대포항역 1번 출구 → 마을버스 사하구15 환승 → 몰운대성당 하차 도보 2분
주차 아미산전망대 공영주차장(무료)

영주하늘눈전망대
도시철도 1호선 부산역 3번 출구 → 버스 43번 환승 → 중앙공원?민주공원입구 하차 
도시철도 1호선 부산역 6번 출구 → 버스 508번 환승 → 중앙공원?민주공원입구 하차 
주차 중앙공원 공영주차장(유료)",,,,,,,,
,338,"스*랩 0507-1467-2336
파*카F 070-8831-5779
프*스트 051-741-6789",,,,,카페별 상이,,"스*랩
도시철도 1호선 남포역 6번 출구 → 버스 66 환승 → 미창석유 하차, 도보 7분
주차 스*랩 주차장
파*카F
도시철도 1호선 동래역 4번 출구 → 마을버스 동래구3 환승 → 무량수요양원 하차, 도보 1분 
주차 파*카F 주차장 
프*스트
동해선 일광역 1번 출구 → 동해선일광역 정류장 버스 36, 181 환승 → 이진블루1차?태영아파트 하차, 도보 4분
주차 프*스트 주차장",,,,,,,,
,339,051-514-5501,http://sanseong.invil.org/index.html,연중무휴,,상시,무료,,"드라이브 구간
금정산성 산성로 입구 ~ 동문입구 ~ 산성마을 ~ 서문입구 ~ 화명수목원",,,,,,,,
,340,,,연중무휴,,"상시(감천문화마을 이용시간 09:00~18:00(3월-10월), 09:00~17:00(11월-2월))",무료(부산항대교 통행료 별도),,"대저생태공원
도시철도 3호선 강서구청역 3번 출구 → 강서구청역 정류장 버스환승 125 → 부산혜원학교 하차, 도보 8분
주차 대저생태공원 주차장(유료)
장림포구
도시철도 1호선 장림역 1번 출구 → 장림초등학교 정류장 마을버스 환승 사하구5  → 장림항(부네치아) 정류장 하차, 도보 2분
주차 장림포구노상공영주차장(유료)
감천문화마을
1호선 괴정역 6번 출구 → 괴정사거리?국민은행 정류장 마을버스 환승 사하구1, 사하구1-1 → 구감정류장 하차, 도보 3분
1호선 토성역 6번 출구 → 부산대학교병원 정류장 마을버스 환승 서구2 → 감정초등학교?감천문화마을 하차, 도보 3분
주차 (구)감정초등학교 공영주차장(유료)
흰여울터널
도시철도 1호선 남포역 6번 출구 → 영도대교(남포역) 정류장 버스 환승 508, 71, 7 → 백련사 정류장 하차, 도보 5분
주차 신선3동공영주차장(유료)
부산항대교
도시철도 1호선 남포역 6번 출구 → 영도대교 정류장 버스 환승 113, 30, 8, 190, 186, 88 → 청학시장 정류장 하차, 부산항대교 하부 친수공간까지 도보 13분",,,,,,,,
,341,,,연중무휴,,상시,무료,,"신호공원 
도시철도 1호선 하단역 3번 출구 → 하단역 정류장 버스 환승 58-1, 58-2, 마을버스 강서구9-2 → 의창수협 정류장 하차, 도보 10분  
소담공원 신호공원에서 도보 10분",,,,,,,,
,342,,,"연중무휴(아미산전망대 전시관 휴무 : 1월1일, 월요일)",,매일(아미산전망대 전시관 화~일 09:00 ~ 18:00),무료,,"몰운대
도시철도 1호선 다대포해수욕장역 4번 출구 도보 10분
주차 다대포해수욕장 공영주차장(유료)
다대포해수욕장 
도시철도 1호선 다대포해수욕장역 2번 출구 도보 8분
버스 11, 2, 3, 338, 96, 96-1, 1000 다대포해수욕장 하차
주차 다대포해수욕장 공영주차장(유료)
고우니생태길
도시철도 1호선 다대포해수욕장역 2번 출구 도보 5분
주차 다대포해수욕장 공영주차장(유료)  
아미산전망대
도시철도 1호선 다대포해수욕장역 1번 출구 도보 20분
주차 아미산전망대 공영주차장(무료)",,,,,,,,
,343,,,연중무휴(금강공원 케이블카 매주 월요일 휴무),,상시(금강공원 케이블카 09:30~17:30(12월~3월) / 09:30~18:00(4월~11월)),무료(케이블카 이용료 별도),,"동래읍성탐방로
도시철도 4호선 명장역 3번 출구 도보 15분
주차 복천동고분군 주차장(무료)
범어사누리길
도시철도 1호선 범어사역 5번 출구 → 범어사입구 정류장 버스 환승 90 → 상마마을?범어사박물관 정류장 하차 도보 5분
주차 범어사 상마공영주차장
금강공원
도시철도 1호선 동래역 2번 출구 → 동래역2번출구 정류장 마을버스 환승 동래구1-1 → 금강공원 정류장 하차 도보 4분
주차 금강공원 공영주차장(유료)",,,,,,,,
,344,"네모상점  0507-1387-9640
심플리파이,심플리파이 051-628-0622
천연제작소 051-338-9619",,"네모상점 매주 일, 월, 화요일
심플리파이,심플리파이 매주 월요일
천연제작소 매주 수, 목요일",,"네모상점 수~토 12:00~18:00
심플리파이,심플리파이 화~목 12:00~20:00, 금~일 12:00~19:00
천연제작소 월~화, 금~일 09:00~17:00 (브레이크타임 12:00~13:00)",가게별 상이,,"모상점
동해선 동래역 2번 출구 → 수민동행정복지센터 정류장 마을버스 환승 동래구2 → 안민초등학교 정류장 하차 도보 9분
심플리파이,심플리파이
도시철도 2호선 남천역 1번 출구 도보 3분 
천연제작소
도시철도 3호선 숙등역 5번 출구 도보 3분 ",,,,,,,,
,345,051-464-9898,http://www.citytourbusan.com/ ,야경투어(브릿지투어) : 월~목요일 ,,"야경투어(브릿지투어)
매주 금요일, 토요일 1회 운행
4~10월(하절기) 19:30~ / 11~3월(동절기) 19:00~ ","성인 15,000원/ 소인(48개월 이상~만 19세 미만) 8,000원 ",,"탑승 장소 : 부산역(라마다앙코르 호텔 앞)
도시철도 1호선 부산역 4번,6번 출구 도보 2분
버스 101, 103, 134, 167, 17, 190, 2, 26, 27, 40, 41, 43, 508, 59, 61, 66, 367, 81, 82, 85, 87, 88, 88-1 부산역 하차 도보 4분
주차 부산역 공영주차장",,,,,,,,
,346,"브라운핸즈 백제 051-464-0332
이바구캠프 051-467-0289",http://www.2bagu.co.kr,장소별 상이,,상시(브라운핸즈 백제 10:00~22:00 / 모노레일 07:00~20:00 ),무료(브라운핸즈백제 카페이용 / 이바구캠프 이용 : 요금별도),,"브라운핸즈 백제 
도시철도 1호선 부산역 7번출구 도보 2분
버스 103, 26, 27, 40, 41, 59, 81, 87, 1003, 1004 부산역 하차 도보 2분
초량이바구길
도시철도 1호선 부산역 7번 출구 도보 2분, 초량역 1번 출구 도보 8분
버스 26, 27, 40, 41, 59, 81, 87, 103, 1003, 1004 부산역 하차 도보 2분
주차 초량2동 공영주차장(유료)
이바구캠프
도시철도 1호선 초량역 1번 출구 → 초량시장입구 정류장 버스 환승 508, 190 → 화신아파트 정류장 하차 도보 3분
주차 이바구캠프 주차장
영주하늘눈전망대
도시철도 1호선 부산역 3번 출구 → 버스 43번 환승 → 중앙공원?민주공원입구 하차
도시철도 1호선 부산역 6번 출구 → 버스 508번 환승 → 중앙공원?민주공원입구 하차
주차 중앙공원 공영주차장(유료)",,,,,,,,
,347,"UN기념공원 : 051-625-0625
대저생태공원 : 051-971-6011",,연중무휴,,"상시
UN기념공원 10월~4월 09:00~17:00 / 5월~9월 09:00~18:00",무료,,"UN기념공원
도시철도 2호선 대연역 3번 출구 도보 20분
도시철도 2호선 대연역 5번 출구  대연역?부산은행 정류장 버스 환승 138 → 유엔공원?부산문화회관 정류장 하차 도보 2분
주차 UN기념공원 주차장

대저생태공원
도시철도 3호선 강서구청역 3번 출구 → 강서낙동강변30리벚꽃길 방향 도보 7분
주차 대저생태공원 주차장

다대포해수욕장 고우니생태길
도시철도 1호선 다대포해수욕장역(몰운대) 2번 출구
주차 다대포해수욕장역 공영주차장",,,,,,,,
,348,,,,,,,,,,,,,,,,
,349,깡깡이예술마을 안내센터 051-418-3336,,연중무휴,,상시,무료,,"깡깡이예술마을
도시철도 1호선 남포역  6번 출구 도보 18분
도시철도 1호선 남포역  6번 출구 → 영도대교(남포역) 정류장 버스 환승 6 → 깡깡이예술마을 정류장 하차 도보 8분
주차 봉래동, 남항시장 공영주차장 (유료)

호천마을
도시철도 1호선 범내골역 7번 출구 → 범내골역 정류장 버스 환승 29, 86, 38 → 아름빌아파트 정류장 하차 도보 7분
버스 서면 롯데백화점 부산본점 맞은편 롯데호텔백화점(서면역) 버스정류장 87 탑승 → 호천마을 입구 하차
주차 스카이웨이주차장(유료)

이중섭문화거리
도시철도 부산 1호선 범일역 7번 출구 도보 15분
도시철도 1호선 범내골역 7번 출구 → 범내골역 정류장 버스 환승 29, 86, 38 → 아름빌아파트 정류장 하차 도보 2분",,,,,,,,
,350,,,장소별 상이,,장소별 상이,장소별 상이,,"부산진일신여학교
도시철도 1호선 좌천역 3번 출구 도보 4분
주차 안용복기념 부산포개항문화관 주차장
옛백제병원
도시철도 1호선 부산역 7번 출구 도보 5분 
한성1918
도시철도 1호선 중앙역 1번 출구 도보 3분 
부산기상관측소
도시철도 1호선 중앙역 7번 출구 도보 9분 
임시수도기념관
도시철도 1호선 토성역 1번 출구 도보 7분
주차 임시수도기념관 주차장
석당박물관
도시철도 1호선 토성역 2번 출구 도보 5분
주차 동아대학교 부민동캠퍼스 지하주차장",,,,,,,,
,351,,,,,,,,,,,,,,,,
,352,,,,,,,,,,,,,,,,
,353,,,,,,,,,,,,,,,,
,354,,,,,,,,,,,,,,,,
,355,,,,,,,,,,,,,,,,
,356,,,연중무휴 ,,상시(부산시민공원 05:00~24:00),무료,,"회동수원지
도시철도 1호선 장전역 4번 출구 → 장전역4번출구 정류장 마을버스 환승 금정구5 → 오륜본동마을 정류장 하차 도보 10분
주차 선동 주차장(유료)

부산시민공원 
도시철도 1호선 부전역 7번 출구 도보 5분
버스 179, 44, 506, 63, 33 부산시민공원 정류장 하차 도보 1분
주차 부산시민공원 주차장(유료)

오륙도 
도시철도 2호선 경성대부경대역 5번 출구 경성대학교입구 정류장 버스 환승 24, 27, 131 오륙도스카이워크 정류장 하차 도보 8분
주차 오륙도수변공원 공영주차장(유료)",,,,,,,,
,357,"오랜지바다 : 051-758-5308
미솜공방 : 051-524-3640
커스텀팩토리 : 051-810-4796",,"오랜지바다 : 연중무휴 
미솜공방 : 매주 일요일 (예약에 따라 유동적 운영)
커스텀팩토리 : 백화점 휴무일에 따름 ",,"오랜지바다 : 10:00 ? 23:00
미솜공방 : 평일 10:00 ? 20:00 / 주말 10:00 ? 18:00 
커스텀팩토리 : 10:30 ? 20:00",체험별 금액 상이,,"오랜지바다
도시철도 2호선 광안역 3번 출구 도보 10분
버스 108, 38, 41. 62, 83, 83-1 광안리해수욕장 정류장 하차 도보 5분
미솜공방
동해선 안락역 2번 출구 도보 10분
도시철도 1호선 동래역 2번 출구 → 동래역2번출구 정류장 마을버스 환승 동래구2 → 월마트정류장 하차 도보 1분  
커스텀팩토리
도시철도 1, 2호선 서면역 7번 출구 도보 3분
버스 108, 138, 167, 168, 17, 23, 67, 68 롯데호텔백화점(서면역) 하차 도보 1분",,,,,,,,
,358,"북두칠성 도서관 070-8693-0897
국립해양박물관 해양도서관 051-309-1883
부산광역시립중앙도서관 051-250-0300",,"북두칠성 도서관 화요일
국립해양박물관 해양도서관 월요일, 토~일요일 
부산시립중앙도서관 매월 첫째?둘째 월요일, 공휴일 ",,"북두칠성 도서관 10:00~20:30
국립해양박물관 해양도서관 09:30~11:30/ 13:00~15:30 
부산광역시립중앙도서관 09:00~22:00",무료,,"북두칠성 도서관
도시철도 1호선 부산역 9번 출구 도보 7분
버스 5-1 부산역후문 정류장 하차 도보 3분
주차 협성마리나G7 지하 1층 상가주차장
국립해양박물관 해양도서관
도시철도 1호선 남포역 6번 출구 → 영도대교 정류장 버스 환승 66 → 국립해양박물관 하차 도보 1분 
주차 국립해양박물관 주차장
부산시립중앙도서관
도시철도 1호선 동대신역 3번 출구 → 동대신역 정류장 마을버스 환승 중구1 → 중앙도서관 하차 도보 1분 
주차 중앙공원주차장",,,,,,,,
,359,"워킹하우스 뉴욕 051-759-8186
오브제후드 갤러리 070-4647-3507
국제 갤러리 051-758-2239",,"워킹하우스 뉴욕 매주 월요일, 일요일
오브제후드 갤러리 매주 화요일
국제 갤러리 매주 월요일",,"워킹하우스 뉴욕 화~금 10:00~19:00/ 토 10:00~18:00
오브제후드 갤러리 13:00 - 19:00 
국제 갤러리 10:00~18:00","워킹하우스 뉴욕 무료  
오브제후드 갤러리 입장료 2,000원(청소년, 65세 이상 무료)
국제 갤러리 무료 ",,"워킹하우스 뉴욕
도시철도 2호선 수영역 5번 출구 → 수영교차로?수영역 정류장 버스 환승 54 → 망미2동 정류장 하차 도보 2분
주차 워킹하우스 뉴욕 주차장 
오브제후드 갤러리
도시철도 2호선 수영역 5번 출구 → 수영교차로?수영역 정류장 버스 환승 54 → 망미2동 정류장 하차 도보 2분
주차 PDM 파트너스 주차장
국제 갤러리
도시철도 2호선 수영역 5번 출구 → 수영교차로?수영역 정류장 버스 환승 54 → 고려제강 정류장 하차 도보 4분
주차 F1963 주차장",,,,,,,,
,360,"부산영화체험박물관 : 051-715-4200~1
흰여울문화마을 영화기록관 : 051-403-1861~2
영화의전당 : 051-780-6000",,"부산영화체험박물관 : 매주 월요일
흰여울문화마을 영화기록관 : 1월 1일, 설날?추석 당일
영화의전당 : 연중무휴 
영화의거리 : 연중무휴 ",,"부산영화체험박물관 : 10:00 ~ 18:00(발권마감 17:00)
흰여울문화마을 영화기록관 : 10:00 ~ 18:00
영화의전당(영화관 매표소) : 09:00 ~ 21:00
영화의거리 : 상시","부산영화체험박물관 : 성인 10,000원 / 청소년, 어린이 7,000원 
흰여울문화마을 영화기록관 : 무료
영화의전당 : 무료(영화관 / 체험프로그램별 비용 별도)
영화의거리 : 무료 ",,"부산영화체험박물관
도시철도 1호선 중앙역 1번 출구 도보 5분
버스 15, 86, 126, 186 백산기념관 하차 도보 3분
주차 부산영화체험박물관 주차장

흰여울문화마을 영화기록관
도시철도 1호선 남포역 6번 출구 → 영도대교남포역 정류장 버스 환승 6, 9, 82, 85, 7, 71, 508 →  흰여울문화마을 정류장 하차 도보 3분
주차 신선3동 공영주차장

영화의전당 
도시철도 2호선 센텀시티역 12번 출구 도보 5분
버스 5-1, 39, 40, 63, 141, 155 신세계센텀시티 정류장 하차 도보 5분
주차 영화의전당 주차장

영화의거리
도시철도 2호선 동백역 3번 출구 도보 10분 
주차 동백사거리 공영주차장",,,,,,,,
,361,,,,,,,,,,,,,,,,
,362,"셀라스 : 0507-1355-9881
마네&모네 : 051-744-7303
카페인부산 : 1899-9074 ",,"셀라스, 카페인부산 : 연중무휴
마네&모네 : 월요일",,"셀라스 10:00-22:00 
마네&모네 12:00-22:00
카페인부산 10:30-24:00",메뉴별 상이,,"셀라스 
도시철도 1호선 범어사역 1번 출구 → 도보 16분
주차 셀라스 주차장

마네&모네 
도시철도 2호선 동백역 1번 출구 → 도보 6분 
주차 선프라자 주차장

카페인부산
도시철도 2호선 장산역 8번 출구 → 장산역 정류장 버스 환승 해운대구2 → 추리문학관 하차 도보 4분 
주차 카페인부산 주차장",,,,,,,,
,363,"비콘그라운드 051-714-4131~4
대림맨숀(논픽션 부산점) 051-747-4096",https://b-con.or.kr/,"비콘그라운드 : 입주상점별 상이
대림맨숀(논픽션 부산점) : 연중무휴
아레아식스 : 월요일",,"비콘그라운드 : 입주상점별 상이
대림맨숀(논픽션 부산점) : 11:00-20:30
아레아식스 : 11:00-19:00","비콘그라운드 : 입주상점별 상이
대림맨숀(논픽션 부산점) : 제품별 상이
아레아식스 : 입주상점별 상이",,"비콘그라운드
도시철도 3호선 망미역 2번 출구 도보 1분
주차 비콘그라운드 주차장(수영고가 하부)

대림맨숀(논픽션 부산점)
도시철도 2호선 해운대역 1번 출구 → 도보 10분
주차장 없음(인근 유료주차장 이용)

아레아식스
도시철도 1호선 남포역 6번 출구 → 영도대교(남포역) 정류장 버스 환승 해운대구2 82, 85 → 영도우체국 정류장 하차 도보 5분
주차 삼진어묵 주차장",,,,,,,,
,364,"라발스호텔 : 051-790-1500
호텔AG405 : 051-757-2500
베이몬드호텔 : 051-702-0001",,연중무휴,,상시(호텔 내부시설 이용시간은 호텔 홈페이지 참조),"룸 컨디션, 인원 등 세부조건에 따라 상이(홈페이지 참조)",,"라발스호텔
도시철도 1호선 남포역 6번 출구 → 영도대교 정류장 버스 환승 113, 30, 8, 186, 190, 66, 88 → 영도경찰서 정류장 하차 도보 7분
주차 라발스호텔 주차장

호텔AG405
도시철도 2호선 광안역 5번 출구 → 수영중학교 정류장 버스 환승 83-1 → 롯데캐슬아파트 정류장 하차 도보 6분
버스 210, 41, 83-1 민락수변공원 정류장 하차 도보 6분
주차 호텔AG405 주차장

베이몬드호텔
도시철도 2호선 해운대역 7번 출구 도보 15분
버스 139, 307, 1003 해운대해수욕장 정류장 하차 도보 4분
주차 베이몬드호텔 주차장",,,,,,,,
,365,"이기대 수변공원 : 051-607-6398
영화의 전당 : 051-780-6000
광안리 해수욕장 : 051-622-4251",https://www.dureraum.org/bcc/main/main.do?rbsIdx=1 ,연중무휴(영화의 전당 : 공연?전시?행사 관련 일정 제외),,상시(영화의 전당 : 공연?전시?행사 관련 일정 제외),"무료(송도 스카이파크 입점시설 이용료, 영화의 전당 관람료 별도)",,"이기대 전망대
도시철도 2호선 경성대?부경대역 5번 출구 → 버스 환승 20 22 24 27 39 131 → 이기대입구?용호복지회관 정류장 하차, 도보 15분
주차 이기대 제2공영주차장(유료)

영화의 전당
도시철도 2호선 센텀시티역 12번 출구 도보 5분
버스 5-1, 39, 40, 63, 141, 155 신세계센텀시티 정류장 하차 도보 5분
주차 영화의전당 주차장(유료)

송도 스카이파크
도시철도 1호선 자갈치역 2번 출구 → 충무동교차로 정류장 버스 환승 30, 7, 71 → 암남공원 정류장 하자 도보 7분
주차 암남공원노외공영주차장(유료)

광안리 해변
도시철도 2호선 광안역 3번 출구 도보 15분
버스 108, 38, 41. 62, 83, 83-1 광안리해수욕장 정류장 하차 도보 5분
주차 광안리해수욕장공영주차장(유료)",,,,,,,,
,366,"감천문화마을 : 051-204-1444
부산현대미술관 : 051-220-7400",,,,"을숙도, 감천문화마을, 영화의거리 : 상시
부산현대미술관 : 화~일요일, 10:00 ~ 18:00",무료(부산현대미술관 일부 전시 유료 / 주차요금 별도),,"영도 피아크
도시철도 1호선 남포역 6번 출구 → 영도대교 정류장 버스 환승 66 → 미창석유 정류장 하차 도보 5분
주차 피아크 주차장

을숙도 / 부산현대미술관
도시철도 1호선 하단역 3번 출구 → 하단역정류장 버스 환승 3, 55, 58, 58-2, 168, 520, 1005, 2000, 58-1, 221 → 부산현대미술관정류장 하차
버스 3, 55, 58, 58-2, 168, 520, 1005, 2000, 58-1, 221 부산현대미술관정류장 하차
주차 부산현대미술관 주차장

감천문화마을
도시철도 1호선 토성역 6번 출구 → 부산대학교병원 정류장 마을버스 환승 사하구1-1, 서구2, 서구2-2 → 감정초등학교?감천문화마을 정류장 하차 도보 3분
도시철도 1호선 괴정역 6번 출구 → 괴정사거리?국민은행 정류장 마을버스 환승 사하구1, 사하구1-1 → 구감 정류장 하차 도보 3분
주차 (구)감정초등학교 공영주차장

영화의거리
도시철도 2호선 동백역 3번 출구 도보 10분
주차 동백사거리 공영주차장
을숙도, 감천문화마을, 영화의거리 : 연중무휴
부산현대미술관 : 월요일, 1월 1일",,,,,,,,
,367,"호텔1 : 051-759-1011
동경밥상 : 070-7576-1428",,"광안리해수욕장, 호텔1 : 연중무휴
동경밥상 : 월요일",,"광안리해수욕장 : 상시
호텔1 : 12:00 ~ 02:00
동경밥상 : 11:30 ~ 22:00(브레이크타임 15:00 ~ 17:30)","광안리해수욕장 : 무료
호텔1 : 룸 컨디션, 인원 등 세부조건에 따라 상이(홈페이지 참조)
동경밥상 : 식사 메뉴에 따라 상이",,"광안리해수욕장
도시철도 2호선 광안역 5번 출구 도보 13분
버스 41, 42 광안리해수욕장 정류장 하차
주차 광안리해수욕장 공영주차장

호텔1
도시철도 2호선 금련산역 1번 출구 도보 13분
버스 41, 42 서호병원 정류장 하차 도보 3분
주차 호텔1 주차장

동경밥상
도시철도 2호선 금련산역 1번 출구 도보 6분
버스 41, 42 수영구청 정류장 하차 도보 5분",,,,,,,,
,368,"디위드 : 0507-1455-0520
힐링펫 : 051-727-8256
댕댕월드 : 0507-1385-0227",,"연중무휴(디위드 : 2, 4주 화요일은 대관일 경우에 오픈)",,"디위드 : 11:00 ~ 22:00
힐링펫 : 11:00 ~ 21:00
댕댕월드 : 평일 12:00 ~ 18:00 / 토?일요일, 공휴일 11:00 ~ 21:00",카페별 이용요금 상이,,"디위드
도시철도 1호선 노포역 2번 출구 부산종합터미널(노포역) 정류장 버스 환승 → 90, 50, 17, 58, 59, 61, 금정구2-2, 기장군2-3, 법서1, 법서1-1, 1002 → 금정체육공원입구 정류장 하차 도보 10분
주차 디위드 전용주차장

힐링펫
동해선 일광역 1번 출구 → 동해선일광역 정류장 버스 환승 187 → 장안초등학교 정류장 하차 도보 8분
주차 힐링펫 전용주차장

댕댕월드
도시철도 2호선 경성대부경대역 5번 출구 경성대학교입구 정류장 마을버스 환승 남구2 분포고등학교 정류장 하차 도보 13분
주차 댕댕월드 전용주차장, 이기대 제1공영주차장",,,,,,,,
,369,,,,,,,,,,,,,,,,
,370,"충렬사 051-888-7211(충렬사관리사업소)
유엔기념공원 051-625-0625",,연중무휴,,"수영사적공원 상시
충렬사 09:00~20:00
유엔기념공원 09:00~17:00",무료,,"수영사적공원
도시철도 2, 3호선 수영역 1번 출구 도보 9분
버스 1, 131, 141, 20, 5-1, 62, 63 수영사적공원 하차
주차 수영사적공원 주차장

충렬사
도시철도 4호선 충렬사역 1번 출구 도보 1분
버스 105, 129-1, 148, 29, 42, 99, 1010 낙민역 하차
주차 충렬사 주차장

유엔기념공원
도시철도 2호선 대연역 3번 출구 도보 18분
버스 134, 68, 138, 138-1, 1006 유엔공원?부산문화회관 하차
주차 유엔기념공원 주차장",,,,,,,,
,371,1544-5110,https://www.kidzania.co.kr/intro,연 1회 시설 보수 및 점검관계로 휴장,,월~일,"종일권 : 어린이:61,000원/보호자:20,000원",,,,,,,,,,
,372,051-740-1700,https://www.busanaquarium.com/,없음,,월~일,"대인 [13세~성인]29,000원	
소인 [만3세~12세] 23,000원
장애인 17,000원",,,,,,,,,,
,373,051-294-2135,http://btoeco.or.kr/,월요일,,"화, 수,목,일 09:30~17:00
금,토 09:30~15:00
(회차별 출발시간 확인)","연령, 요일, 코스별 상이(홈페이지 참조)",,,,,,,,,,
,374,,,,,,"서핑 교육 과정, 장비대여, 시간에 따라 상이",,,,,,,,,,
,375,"광안리 해양레포츠센터 051-622-0027
다대포 해양레포츠센터 051-207-3700",http://www.gwanganli.co.kr/,,,각 레포츠센터 홈페이지 참조,각 레포츠센터 홈페이지 참조,,,,,,,,,,
,376,,,업체별 상이,,업체별 상이,업체별 상이,,,,,,,,,,
,377,010-6485-8507,,"월요일, 화요일",,수~일 10:00~18:00,유료(홈페이지 참조),,,,,,,,,,
,378,,,,,,,,,,,,,,,,
,379,051-583-0053(이화풍류원),http://cafe.daum.net/hakchum,전화문의,,전화문의,전화문의,,,,,,,,,,
,380,"051-749-7601(해운대해수욕장)
051-622-4251(광안리해수욕장)",http://www.haeundae.go.kr/tour/index.do,,,상시,무료,,,,,,,,,,
,381,"송도오토캠핑장 010-6668-0627
삼락생태공원오토캠핑장 051-313-6015
화명생태공원오토캠핑장 070-4102-0070",https://www.nakdongcamping.com/,홈페이지 참조,,홈페이지 참조,홈페이지 참조,,,,,,,,,,
,382,051-310-6011(낙동강관리본부),http://www.busan.go.kr/nakdong/hwamyungpark02,우천 시,,"화명생태공원 자전거 대여소
3월~10월  09:00~18:00
11월~2월  09:00~17:00","자전거 대여료 별도
시간당 3,000원~6,000원",,,,,,,,,,
,383,,,,,,,,,,,,,,,,
,384,051-628-5286,https://blog.naver.com/dycyk,주말,,"월~금
단체 10:00, 개인(10인 이하) 19:40  / 전화예약 필수","1인 48,000원",,,,,,,,,,
,385,,,,,,,,,,,,,,,,
,386,,,,,,,,,,,,,,,,
,387,,,,,,,,,,,,,,,,
,388,,,,,,,,,,,,,,,,
,389,051-951-1220,https://www.busancookingclass.com/,연중무휴,,10:00~18:30,85 USD,,,,,,,,,,
,390,051-803-7573,http://www.sunamsa.or.kr/0306.php,연중무휴,,홈페이지 참조,홈페이지 참조,,,,,,,,,,
,391,051-555-1383(금강사),http://www.kumkangsa.or.kr/,전화문의,,전화문의,"20,000원",,,,,,,,,,
,392,0507-1461-1198,https://landmarkproject.modoo.at/,월요일,,화~일요일/11:00~19:00,"바다를 담다 기념품 6,000원 ~ 20,000원
클래스 수강 별도문의",,,,,,,,,,
,393,051-636-9355,,일요일(체험장 내 주막),,프로그램별 상이,프로그램별 상이,,,,,,,,,,
,394,051-832-5062,,,,프로그램별 상이(홈페이지 참조),프로그램별 상이(홈페이지 참조),,,,,,,,,,
,395,"수영강상설카약체험장 051-743-5589
삼락수상레포츠타운 070-4140-0006",,"월, 화",,09:30~18:00 [수~일요일 운영],"수영강상설카약체험장 무료
삼락수상레포츠타운 시설사용료 10,000원",,,,,,,,,,
,396,"화명생태공원 051-310-6057(낙동강관리본부 공원관리팀)
스카이라인루지 부산 051-722-6002",,연중무휴 ,,"화명생태공원 매일 06:00 - 21:00
스카이라인루지 부산 월-금 10:00~18:00 / 토, 일 10:00~19:00","화명생태공원 무료(자전거대여 요금별도)
스카이라인루지 부산 횟수별 다양한 요금제(22,000원~33,000원)",,,,,,,,,,
